Date,EME JP FX,LATAM JP FX,CITI LATAM  FX,DXY
01/10/2008,103.1795,100.0198,69.2211,79.463
02/10/2008,102.9279,98.8836,69.736,80.439
03/10/2008,103.0188,98.9303,71.1054,80.313
04/10/2008,,,,
05/10/2008,,,,
06/10/2008,102.055,94.8506,71.8941,81.675
07/10/2008,101.5563,92.3334,75.3945,80.973
08/10/2008,100.22,86.2883,79.6629,80.913
09/10/2008,101.048,91.5605,77.2456,81.163
10/10/2008,100.8651,88.5192,83.5789,82.997
11/10/2008,,,,
12/10/2008,,,,
13/10/2008,,,80.5186,81.876
14/10/2008,102.0542,92.1695,75.6891,81.363
15/10/2008,101.4401,90.459,76.8022,82.05
16/10/2008,100.5125,89.4326,81.6738,82.455
17/10/2008,100.8993,91.1744,79.7057,82.413
18/10/2008,,,,
19/10/2008,,,,
20/10/2008,101.2378,91.8606,78.4071,83.1
21/10/2008,100.7831,89.7333,79.789,83.99
22/10/2008,100.0498,87.5384,83.1365,85.37
23/10/2008,99.9477,87.8169,85.1834,85.36
24/10/2008,100.0118,88.7382,84.9533,86.44
25/10/2008,,,,
26/10/2008,,,,
27/10/2008,100.1802,90.028,82.6512,86.934
28/10/2008,100.9148,90.3306,81.0406,87.028
29/10/2008,101.0784,91.8221,80.1769,85.071
30/10/2008,101.6033,91.5544,79.2795,84.556
31/10/2008,101.9075,92.5669,79.2149,85.633
01/11/2008,,,,
02/11/2008,,,,
03/11/2008,102.0019,92.0591,79.6728,86.354
04/11/2008,102.2055,93.9211,79.2338,84.784
05/11/2008,101.7185,93.213,78.2662,84.606
06/11/2008,101.4461,91.9404,78.9411,85.893
07/11/2008,101.5231,92.6033,80.5874,85.907
08/11/2008,,,,
09/11/2008,,,,
10/11/2008,101.374,92.9781,78.3786,85.912
11/11/2008,,,79.8762,87.075
12/11/2008,100.8606,91.6439,80.4595,87.47
13/11/2008,100.7881,90.9788,80.9875,86.938
14/11/2008,100.8767,91.88,80.6486,86.365
15/11/2008,,,,
16/11/2008,,,,
17/11/2008,100.5484,91.6672,80.9638,86.807
18/11/2008,100.261,91.5923,81.956,87.372
19/11/2008,100.1341,90.9003,82.0588,87.312
20/11/2008,99.801,89.6425,83.3756,87.969
21/11/2008,99.6876,87.6214,84.9169,88.191
22/11/2008,,,,
23/11/2008,,,,
24/11/2008,99.6215,90.0186,83.8661,86.081
25/11/2008,99.4974,90.647,82.5835,85
26/11/2008,99.9981,91.1615,83.0173,85.667
27/11/2008,,,81.2293,85.567
28/11/2008,99.9575,90.8127,82.1861,86.517
29/11/2008,,,,
30/11/2008,,,,
01/12/2008,99.5472,89.7853,84.659,86.724
02/12/2008,99.2375,89.913,83.2875,86.702
03/12/2008,99.3891,89.5681,84.49,87.03
04/12/2008,98.9531,88.8836,84.4718,86.444
05/12/2008,98.9453,87.2942,84.817,87.121
06/12/2008,,,,
07/12/2008,,,,
08/12/2008,98.9098,89.0027,83.5122,85.56
09/12/2008,98.9789,88.8636,84.3271,85.837
10/12/2008,99.1358,89.1359,83.7755,85.484
11/12/2008,99.1847,91.0751,82.6929,83.834
12/12/2008,98.6721,88.8976,82.62,83.644
13/12/2008,,,,
14/12/2008,,,,
15/12/2008,98.1904,89.5932,83.1774,82.27
16/12/2008,97.8867,89.5986,82.7604,80.683
17/12/2008,97.0276,88.8771,80.5748,78.908
18/12/2008,97.766,88.85,81.3564,79.467
19/12/2008,98.2402,89.6756,81.7143,81.298
20/12/2008,,,,
21/12/2008,,,,
22/12/2008,97.9808,89.2794,81.4255,81.093
23/12/2008,97.9538,89.3739,81.7805,81.241
24/12/2008,98.04,88.9435,82.1846,81.214
25/12/2008,,,82.0699,
26/12/2008,97.8402,88.732,81.9475,80.892
27/12/2008,,,,
28/12/2008,,,,
29/12/2008,97.4525,87.5341,82.5924,80.685
30/12/2008,97.7863,87.2149,83.7648,80.899
31/12/2008,97.8617,87.3964,84.3451,81.308
01/01/2009,,,83.6844,
02/01/2009,97.6714,87.6196,83.8824,81.839
03/01/2009,,,,
04/01/2009,,,,
05/01/2009,98.5375,89.5197,83.7575,82.637
06/01/2009,99.0605,91.1592,81.4157,82.85
07/01/2009,98.3512,90.1568,81.4969,82.275
08/01/2009,97.8434,89.5647,82.3178,81.536
09/01/2009,97.7612,89.1268,83.6139,82.663
10/01/2009,,,,
11/01/2009,,,,
12/01/2009,97.4064,88.8049,83.2039,83.019
13/01/2009,97.934,89.1749,83.9492,84.265
14/01/2009,97.6626,87.7931,83.85,84.419
15/01/2009,97.6035,87.6387,85.5967,84.44
16/01/2009,97.5523,88.5181,84.4535,84.212
17/01/2009,,,,
18/01/2009,,,,
19/01/2009,,,84.248,84.722
20/01/2009,97.9143,88.7779,84.9457,86.216
21/01/2009,97.78,88.9118,84.6403,85.817
22/01/2009,97.6451,88.6952,83.8797,85.52
23/01/2009,97.5679,88.4664,85.5856,85.608
24/01/2009,,,,
25/01/2009,,,,
26/01/2009,97.2622,88.7196,84.4962,84.727
27/01/2009,97.1138,87.7828,84.7426,84.426
28/01/2009,97.1309,87.9887,85.249,84.672
29/01/2009,97.3905,87.9465,84.4579,85.277
30/01/2009,97.4075,87.6708,86.3891,85.999
31/01/2009,,,,
01/02/2009,,,,
02/02/2009,97.1465,86.9989,86.623,86.073
03/02/2009,96.548,86.4131,87.0552,85.05
04/02/2009,96.962,87.174,87.2797,85.702
05/02/2009,97.2235,87.6781,86.7592,86.057
06/02/2009,97.5579,88.4131,85.9646,85.346
07/02/2009,,,,
08/02/2009,,,,
09/02/2009,97.2536,88.5121,84.834,84.792
10/02/2009,97.1603,87.6415,85.4265,85.807
11/02/2009,97.1477,87.271,86.9525,85.776
12/02/2009,97.0796,87.1436,87.3294,86.547
13/02/2009,97.1653,87.8522,86.2495,86.041
14/02/2009,,,,
15/02/2009,,,,
16/02/2009,,,86.8486,86.66
17/02/2009,96.8819,87.5569,87.0432,87.581
18/02/2009,97.1502,87.2452,87.4919,88.007
19/02/2009,96.9896,87.1857,87.2631,87.439
20/02/2009,96.4745,85.9803,88.3312,86.488
21/02/2009,,,,
22/02/2009,,,,
23/02/2009,96.803,85.828,88.5368,87.24
24/02/2009,96.9797,86.3716,89.1068,86.895
25/02/2009,97.0557,86.2,88.5852,87.906
26/02/2009,97.1749,86.3854,88.8315,87.727
27/02/2009,97.0627,86.0667,89.4434,88.008
28/02/2009,,,,
01/03/2009,,,,
02/03/2009,96.6838,84.8557,91.1573,88.94
03/03/2009,96.923,84.9786,91.0697,88.91
04/03/2009,97.198,85.9363,90.7921,88.577
05/03/2009,96.8878,85.547,90.7712,89.105
06/03/2009,96.8014,85.6951,90.8341,88.512
07/03/2009,,,,
08/03/2009,,,,
09/03/2009,97.0393,85.458,90.6144,89.009
10/03/2009,97.1983,85.6006,91.0079,88.927
11/03/2009,97.4187,86.0419,89.8212,87.868
12/03/2009,97.5826,87.0674,89.4593,87.66
13/03/2009,97.5593,88.2102,87.4815,87.428
14/03/2009,,,,
15/03/2009,,,,
16/03/2009,97.9397,90.1559,86.5525,86.946
17/03/2009,98.0258,90.3031,84.8777,86.933
18/03/2009,97.6281,89.5569,84.6753,84.595
19/03/2009,96.3747,88.9636,83.2083,83.129
20/03/2009,96.9353,89.1303,84.604,83.841
21/03/2009,,,,
22/03/2009,,,,
23/03/2009,97.0226,88.4068,84.2569,83.426
24/03/2009,97.1235,88.5383,85.0759,83.858
25/03/2009,97.1295,88.9322,85.3034,83.808
26/03/2009,97.3335,88.6548,84.655,84.165
27/03/2009,97.484,88.5388,85.2559,85.111
28/03/2009,,,,
29/03/2009,,,,
30/03/2009,97.2359,88.1332,86.4685,85.869
31/03/2009,97.5151,88.6896,85.5851,85.43
01/04/2009,97.9346,90.2039,85.0066,85.503
02/04/2009,98.1392,90.3155,83.4131,84.446
03/04/2009,98.2447,91.3782,82.85,84.165
04/04/2009,,,,
05/04/2009,,,,
06/04/2009,98.6153,91.1439,81.8495,84.571
07/04/2009,98.6171,91.6877,82.8353,85.288
08/04/2009,98.4922,92.7968,81.8628,85.361
09/04/2009,99.181,93.8518,80.865,85.786
10/04/2009,99.1344,94.1084,80.0363,
11/04/2009,,,,
12/04/2009,,,,
13/04/2009,98.7576,94.0036,79.8383,84.635
14/04/2009,98.9261,93.8929,79.7706,84.642
15/04/2009,98.8429,93.6085,80.372,85.081
16/04/2009,98.9447,94.3495,79.6826,85.227
17/04/2009,99.1018,94.1497,79.6644,85.981
18/04/2009,,,,
19/04/2009,,,,
20/04/2009,99.0003,93.1554,80.2608,86.637
21/04/2009,98.8921,94.0056,81.1191,86.579
22/04/2009,98.8535,94.098,80.168,86.191
23/04/2009,98.5455,93.1473,80.3312,85.517
24/04/2009,98.3129,92.9126,79.8367,84.714
25/04/2009,,,,
26/04/2009,,,,
27/04/2009,98.1981,91.3756,82.0693,85.696
28/04/2009,98.2276,90.8429,84.0563,85.158
29/04/2009,98.2812,92.048,82.4495,84.474
30/04/2009,98.8298,91.0828,82.0379,84.614
01/05/2009,98.8795,90.9174,82.3575,84.546
02/05/2009,,,,
03/05/2009,,,,
04/05/2009,98.9764,93.1803,82.1006,83.97
05/05/2009,99.0968,93.4277,79.3376,84.157
06/05/2009,99.0879,93.8486,79.7179,83.803
07/05/2009,99.2306,94.2964,78.2609,83.941
08/05/2009,99.2087,94.3845,78.6637,82.529
09/05/2009,,,,
10/05/2009,,,,
11/05/2009,98.8515,94.0516,78.3521,82.678
12/05/2009,98.6456,93.3892,78.9767,82.306
13/05/2009,98.3875,92.7126,79.3488,82.499
14/05/2009,98.2066,93.038,79.9155,82.279
15/05/2009,98.3459,93.5705,79.1219,83.024
16/05/2009,,,,
17/05/2009,,,,
18/05/2009,98.6485,93.9539,79.323,82.667
19/05/2009,98.7767,94.6886,77.7076,81.978
20/05/2009,98.5479,94.9411,77.5024,80.985
21/05/2009,98.3265,93.8571,77.8223,80.558
22/05/2009,97.9395,93.1966,78.3052,79.958
23/05/2009,,,,
24/05/2009,,,,
25/05/2009,,,78.396,80.024
26/05/2009,97.7999,93.4524,78.5737,80.131
27/05/2009,97.8977,93.5105,78.2062,80.332
28/05/2009,97.9669,93.3897,78.6378,80.433
29/05/2009,97.7064,93.6152,77.9896,79.348
30/05/2009,,,,
31/05/2009,,,,
01/06/2009,97.9384,93.8205,77.1471,79.171
02/06/2009,97.5611,93.2292,77.8531,78.404
03/06/2009,97.6009,93.2811,77.4013,79.5
04/06/2009,97.7383,93.5437,78.2768,79.414
05/06/2009,98.225,93.7483,77.6234,80.67
06/06/2009,,,,
07/06/2009,,,,
08/06/2009,98.2241,93.006,78.5412,80.909
09/06/2009,97.8792,92.9926,78.5887,79.787
10/06/2009,98.0443,92.4231,78.8438,80.329
11/06/2009,97.9036,92.9583,79.1285,79.41
12/06/2009,98.1281,93.6048,78.2755,80.142
13/06/2009,,,,
14/06/2009,,,,
15/06/2009,98.3063,93.5348,78.5589,81.14
16/06/2009,97.9898,93.1524,78.0502,80.709
17/06/2009,97.8049,93.0991,78.5905,80.169
18/06/2009,97.8447,93.8709,78.4963,80.609
19/06/2009,97.8379,93.8344,78.0731,80.264
20/06/2009,,,,
21/06/2009,,,,
22/06/2009,97.8748,93.6008,78.2484,80.783
23/06/2009,97.5414,93.5118,78.253,79.841
24/06/2009,97.7143,93.9521,77.9261,80.556
25/06/2009,97.9294,94.2467,77.794,80.403
26/06/2009,97.7209,94.3853,77.2593,79.878
27/06/2009,,,,
28/06/2009,,,,
29/06/2009,97.8442,94.5605,77.2137,79.835
30/06/2009,98.1383,94.5772,76.9996,80.133
01/07/2009,98.112,94.8801,77.1548,79.634
02/07/2009,98.19,94.7389,76.7378,80.151
03/07/2009,,,77.5507,80.382
04/07/2009,,,,
05/07/2009,,,,
06/07/2009,98.0427,94.4097,77.8069,80.454
07/07/2009,97.9961,94.3331,77.2911,80.621
08/07/2009,97.643,93.228,78.3557,80.766
09/07/2009,97.4188,92.6808,78.6291,79.864
10/07/2009,97.2757,92.0673,79.1533,80.233
11/07/2009,,,,
12/07/2009,,,,
13/07/2009,97.0968,92.1094,79.448,80.126
14/07/2009,97.3178,92.4719,79.0785,80.184
15/07/2009,97.514,93.2441,78.9902,79.316
16/07/2009,97.4549,93.3277,78.2265,79.216
17/07/2009,97.6644,94.3131,78.319,79.347
18/07/2009,,,,
19/07/2009,,,,
20/07/2009,97.8135,94.4278,76.933,78.907
21/07/2009,97.7094,94.429,76.753,78.927
22/07/2009,97.739,94.7524,76.7676,78.706
23/07/2009,97.9162,95.0949,76.6322,78.803
24/07/2009,98.0231,94.7292,76.3628,78.749
25/07/2009,,,,
26/07/2009,,,,
27/07/2009,98.1513,94.7581,76.1267,78.626
28/07/2009,98.0397,94.4028,76.418,78.85
29/07/2009,98.1866,94.4815,76.6152,79.63
30/07/2009,98.3344,94.8387,76.6181,79.285
31/07/2009,97.9751,94.5901,76.4807,78.347
01/08/2009,,,,
02/08/2009,,,,
03/08/2009,97.954,95.0207,76.2224,77.639
04/08/2009,97.9541,95.2598,75.6858,77.765
05/08/2009,97.8425,95.3775,75.5422,77.517
06/08/2009,97.9357,95.8164,75.2391,78.065
07/08/2009,98.5747,96.5324,75.4599,78.975
08/08/2009,,,,
09/08/2009,,,,
10/08/2009,98.5021,96.3113,74.6173,79.256
11/08/2009,98.1249,95.8594,75.104,79.176
12/08/2009,98.0522,96.1724,75.6192,78.79
13/08/2009,98.031,96.4115,74.6146,78.489
14/08/2009,97.98,96.1919,74.5753,78.885
15/08/2009,,,,
16/08/2009,,,,
17/08/2009,97.9127,95.7362,75.5012,79.292
18/08/2009,97.96,95.9818,75.2711,78.937
19/08/2009,97.6739,96.2849,75.2561,78.469
20/08/2009,97.8664,96.2893,74.6686,78.384
21/08/2009,97.9179,96.6127,74.6093,78.044
22/08/2009,,,,
23/08/2009,,,,
24/08/2009,97.9223,96.3678,74.1767,78.271
25/08/2009,97.886,96.0396,74.6335,78.243
26/08/2009,97.8161,94.9792,75.3465,78.661
27/08/2009,97.5922,94.454,75.7987,78.009
28/08/2009,97.4988,94.2585,76.0925,78.366
29/08/2009,,,,
30/08/2009,,,,
31/08/2009,97.346,93.914,76.3072,78.172
01/09/2009,97.379,93.0436,77.0495,78.76
02/09/2009,97.215,92.9412,78.0089,78.376
03/09/2009,97.3217,93.2406,77.5261,78.465
04/09/2009,97.4662,94.0613,77.3105,78.136
05/09/2009,,,,
06/09/2009,,,,
07/09/2009,,,76.4601,78.012
08/09/2009,97.3329,94.4542,75.9894,77.323
09/09/2009,97.1288,93.7481,76.2203,77.09
10/09/2009,97.0773,94.02,76.8822,76.817
11/09/2009,96.9184,94.185,76.185,76.608
12/09/2009,,,,
13/09/2009,,,,
14/09/2009,96.8814,94.0026,76.4494,76.695
15/09/2009,97.0864,94.3809,75.763,76.544
16/09/2009,97.2185,94.9703,75.5517,76.236
17/09/2009,97.171,94.5188,75.0709,76.188
18/09/2009,97.2677,94.6301,75.4171,76.425
19/09/2009,,,,
20/09/2009,,,,
21/09/2009,97.327,94.3903,75.5636,76.776
22/09/2009,97.1221,94.3747,75.5339,76.118
23/09/2009,97.237,94.5175,75.5109,76.047
24/09/2009,97.3314,94.0125,75.5337,76.9
25/09/2009,97.2119,93.7003,76.0553,76.812
26/09/2009,,,,
27/09/2009,,,,
28/09/2009,97.1759,93.9888,76.3726,77.051
29/09/2009,97.3461,93.8822,76.1904,77.124
30/09/2009,97.2669,94.0084,75.8933,76.653
01/10/2009,97.2619,93.4232,76.0821,77.188
02/10/2009,97.2192,93.3193,77.0333,77.003
03/10/2009,,,,
04/10/2009,,,,
05/10/2009,97.2895,93.2964,76.321,76.642
06/10/2009,97.2289,94.0427,76.019,76.335
07/10/2009,97.2908,94.0644,75.7798,76.494
08/10/2009,97.1724,94.6589,74.8944,75.966
09/10/2009,97.3825,95.0551,74.5912,76.431
10/10/2009,,,,
11/10/2009,,,,
12/10/2009,,,74.4735,76.126
13/10/2009,97.3225,95.5171,74.3273,75.976
14/10/2009,97.3956,96.0118,73.623,75.551
15/10/2009,97.4276,95.9781,73.4741,75.481
16/10/2009,97.479,96.111,73.6585,75.597
17/10/2009,,,,
18/10/2009,,,,
19/10/2009,97.395,95.9973,73.5675,75.51
20/10/2009,97.3856,96.0935,73.199,75.565
21/10/2009,97.2672,96.5475,73.6705,74.972
22/10/2009,97.1788,96.5206,73.3364,75.094
23/10/2009,97.2512,96.3702,73.0875,75.468
24/10/2009,,,,
25/10/2009,,,,
26/10/2009,97.3275,96.0218,73.6659,76.061
27/10/2009,97.2888,95.6509,74.5671,76.135
28/10/2009,97.0829,95.2492,74.6808,76.425
29/10/2009,97.1005,95.843,74.8654,75.917
30/10/2009,97.0987,95.8785,73.6052,76.3
31/10/2009,,,,
01/11/2009,,,,
02/11/2009,97.0076,95.834,74.6018,76.29
03/11/2009,97.0177,95.3829,75.1351,76.386
04/11/2009,97.0829,95.5108,74.3764,75.643
05/11/2009,97.0003,95.3232,74.5568,75.741
06/11/2009,97.0496,95.2027,74.4485,75.819
07/11/2009,,,,
08/11/2009,,,,
09/11/2009,97.0884,95.5357,74.546,75.026
10/11/2009,97.1087,95.7405,74.2433,75.021
11/11/2009,,,73.7584,75.162
12/11/2009,97.3254,95.6345,73.7879,75.596
13/11/2009,97.3376,96.4389,73.8926,75.334
14/11/2009,,,,
15/11/2009,,,,
16/11/2009,97.294,96.8141,73.2599,74.894
17/11/2009,97.3992,96.5644,73.0279,75.369
18/11/2009,97.3149,97.0409,72.9912,75.185
19/11/2009,97.1376,96.5693,73.3393,75.293
20/11/2009,97.1844,96.4388,73.4635,75.656
21/11/2009,,,,
22/11/2009,,,,
23/11/2009,97.1254,96.8006,73.0908,75.085
24/11/2009,97.168,96.9953,72.8535,75.068
25/11/2009,96.9671,97.0803,72.4031,74.269
26/11/2009,,,72.6576,74.826
27/11/2009,96.7443,96.8189,73.5851,74.996
28/11/2009,,,,
29/11/2009,,,,
30/11/2009,96.6148,96.5985,72.8269,74.879
01/12/2009,96.7388,97.0366,72.7983,74.365
02/12/2009,96.898,97.3707,72.4548,74.669
03/12/2009,97.2035,98.2714,71.8421,74.631
04/12/2009,97.6644,98.2408,71.4616,75.911
05/12/2009,,,,
06/12/2009,,,,
07/12/2009,97.6361,98.3952,72.2143,75.767
08/12/2009,97.3575,97.4461,72.2765,76.31
09/12/2009,97.1983,96.7217,72.8547,76.038
10/12/2009,97.2507,96.6498,72.8478,76.045
11/12/2009,97.5798,97.2423,72.8719,76.573
12/12/2009,,,,
13/12/2009,,,,
14/12/2009,97.53,97.8968,72.8337,76.352
15/12/2009,97.7822,98.4472,72.4617,76.961
16/12/2009,97.662,98.3866,72.0791,76.995
17/12/2009,97.8274,97.3077,72.6029,77.694
18/12/2009,97.9497,97.6872,72.9429,77.821
19/12/2009,,,,
20/12/2009,,,,
21/12/2009,97.9423,98.0266,72.9395,78.037
22/12/2009,98.1255,97.5803,73.2852,78.25
23/12/2009,98.0605,98.0049,73.1569,77.897
24/12/2009,98.1724,98.0134,73.0186,77.734
25/12/2009,,,72.9667,
26/12/2009,,,,
27/12/2009,,,,
28/12/2009,98.0811,97.8085,72.8288,77.633
29/12/2009,98.1329,97.549,73.1543,77.831
30/12/2009,98.2857,97.6626,73.409,77.914
31/12/2009,98.3624,97.6585,73.6661,77.86
01/01/2010,,,73.5857,
02/01/2010,,,,
03/01/2010,,,,
04/01/2010,98.4699,98.4392,73.1182,77.525
05/01/2010,98.4643,98.8345,72.6105,77.619
06/01/2010,98.7284,99.2816,72.3309,77.493
07/01/2010,98.909,99.4284,72.1551,77.913
08/01/2010,98.8686,99.5794,72.2029,77.471
09/01/2010,,,,
10/01/2010,,,,
11/01/2010,98.5246,97.7363,71.4233,77.005
12/01/2010,98.3323,97.5469,72.0873,76.954
13/01/2010,98.3751,97.2472,72.0441,76.846
14/01/2010,98.3577,97.2147,72.0792,76.732
15/01/2010,98.504,97.6008,72.0395,77.323
16/01/2010,,,,
17/01/2010,,,,
18/01/2010,,,71.8804,77.064
19/01/2010,98.657,97.8587,71.9811,77.5
20/01/2010,98.643,97.4578,72.0281,78.338
21/01/2010,98.4471,97.159,72.3586,78.32
22/01/2010,98.2299,96.4145,73.3459,78.277
23/01/2010,,,,
24/01/2010,,,,
25/01/2010,98.2971,96.4934,72.9951,78.19
26/01/2010,98.2367,96.6799,73.2755,78.432
27/01/2010,98.1017,96.0234,72.9654,78.675
28/01/2010,98.2673,95.3322,73.5629,78.904
29/01/2010,98.5901,95.6132,73.9255,79.462
30/01/2010,,,,
31/01/2010,,,,
01/02/2010,98.6721,96.0363,74.1691,79.242
02/02/2010,98.6542,96.6465,73.265,79.014
03/02/2010,98.8275,95.9136,73.0321,79.372
04/02/2010,98.5477,95.1695,73.9999,79.916
05/02/2010,98.5596,95.0757,74.7006,80.441
06/02/2010,,,,
07/02/2010,,,,
08/02/2010,98.471,95.3186,74.9667,80.302
09/02/2010,98.5371,95.7104,74.7081,79.863
10/02/2010,98.6835,95.9854,73.7309,80.028
11/02/2010,98.8162,96.0686,73.9459,79.994
12/02/2010,98.9012,96.3378,73.7729,80.218
13/02/2010,,,,
14/02/2010,,,,
15/02/2010,,,73.5064,80.332
16/02/2010,98.9115,96.955,73.3221,79.7
17/02/2010,99.1871,97.0552,72.9464,80.376
18/02/2010,99.3585,97.4425,73.1736,80.398
19/02/2010,99.5148,97.8556,73.1181,80.643
20/02/2010,,,,
21/02/2010,,,,
22/02/2010,99.3689,97.8876,72.6344,80.507
23/02/2010,99.2686,97.553,72.7019,80.85
24/02/2010,99.1777,97.6419,73.0869,80.849
25/02/2010,99.0713,97.5844,72.8378,80.787
26/02/2010,99.024,98.1605,72.7211,80.362
27/02/2010,,,,
28/02/2010,,,,
01/03/2010,99.4266,98.5438,72.4027,80.658
02/03/2010,99.4192,98.7939,72.1887,80.521
03/03/2010,99.1727,98.6923,71.9969,79.977
04/03/2010,99.443,98.7319,72.0393,80.561
05/03/2010,99.691,99.2629,72.0043,80.432
06/03/2010,,,,
07/03/2010,,,,
08/03/2010,99.7534,99.0959,71.5444,80.432
09/03/2010,99.7496,99.2808,71.893,80.592
10/03/2010,99.8438,99.5179,71.5201,80.445
11/03/2010,99.755,99.4574,71.3663,80.323
12/03/2010,99.6914,99.6317,71.2696,79.833
13/03/2010,,,,
14/03/2010,,,,
15/03/2010,99.8146,99.7319,71.2916,80.251
16/03/2010,99.6824,99.8083,71.1327,79.753
17/03/2010,99.8264,99.8526,71.1104,79.638
18/03/2010,99.9384,99.8186,70.9686,80.225
19/03/2010,100.032,99.4587,71.3279,80.724
20/03/2010,,,,
21/03/2010,,,,
22/03/2010,99.8481,99.1527,72.0331,80.651
23/03/2010,99.9313,99.6802,71.4882,80.896
24/03/2010,100.4911,99.9701,71.2811,81.838
25/03/2010,100.5668,100.0291,71.5157,82.12
26/03/2010,100.4279,99.5401,71.5296,81.676
27/03/2010,,,,
28/03/2010,,,,
29/03/2010,100.5034,99.8833,71.1452,81.358
30/03/2010,100.6119,100.3484,70.9596,81.47
31/03/2010,100.6267,100.8805,70.6561,81.073
01/04/2010,100.6702,100.9869,70.5185,80.776
02/04/2010,100.9338,101.2142,70.325,81.173
03/04/2010,,,,
04/04/2010,,,,
05/04/2010,100.964,101.3466,70.1925,81.094
06/04/2010,101.1038,101.618,70.0509,81.387
07/04/2010,101.1382,101.63,69.8022,81.443
08/04/2010,101.0137,101.3763,70.2343,81.534
09/04/2010,100.9778,101.5201,69.8447,81.093
10/04/2010,,,,
11/04/2010,,,,
12/04/2010,100.8039,101.5775,69.7888,80.562
13/04/2010,100.7224,101.4218,69.6752,80.507
14/04/2010,100.7286,101.36,69.5799,80.19
15/04/2010,100.9189,101.4619,69.8105,80.482
16/04/2010,100.7986,100.9559,69.718,80.824
17/04/2010,,,,
18/04/2010,,,,
19/04/2010,100.6915,100.7432,70.2823,81
20/04/2010,100.945,101.2926,69.8303,81.049
21/04/2010,101.1253,101.6235,69.8316,81.161
22/04/2010,101.1164,101.141,69.7962,81.567
23/04/2010,101.2789,101.4686,69.8845,81.352
24/04/2010,,,,
25/04/2010,,,,
26/04/2010,101.3782,101.892,69.5902,81.481
27/04/2010,101.1864,101.1947,69.6107,82.146
28/04/2010,101.3244,100.7939,70.3804,82.381
29/04/2010,101.3773,101.8005,70.1424,82.003
30/04/2010,101.3682,101.8638,69.5357,81.866
01/05/2010,,,,
02/05/2010,,,,
03/05/2010,101.4398,101.7765,70.0623,82.272
04/05/2010,101.4598,101.1033,70.0059,83.299
05/05/2010,101.3124,100.0655,71.1941,84.079
06/05/2010,100.8942,98.8257,71.9183,84.894
07/05/2010,100.8313,98.7026,72.9456,84.45
08/05/2010,,,,
09/05/2010,,,,
10/05/2010,101.4595,100.5218,71.6754,84.156
11/05/2010,101.5236,100.8383,71.277,84.467
12/05/2010,101.7297,101.2309,71.1482,84.828
13/05/2010,102.0249,101.695,70.5909,85.207
14/05/2010,101.9751,100.547,70.8565,86.095
15/05/2010,,,,
16/05/2010,,,,
17/05/2010,101.8597,99.7732,71.8173,86.205
18/05/2010,101.9909,100.5781,71.5311,87.162
19/05/2010,101.3437,98.6813,73.1315,86.392
20/05/2010,100.7581,97.5734,73.3369,85.565
21/05/2010,100.5895,98.2235,73.9442,85.371
22/05/2010,,,,
23/05/2010,,,,
24/05/2010,100.8836,98.8905,73.7006,86.206
25/05/2010,100.551,98.169,74.7206,86.779
26/05/2010,100.9602,99.159,73.3514,87.121
27/05/2010,101.0598,99.7029,73.0717,86.185
28/05/2010,101.1659,99.7242,72.448,86.48
29/05/2010,,,,
30/05/2010,,,,
31/05/2010,,,72.9117,86.588
01/06/2010,101.0603,99.6785,73.2077,86.643
02/06/2010,101.3757,99.9114,73.1827,86.793
03/06/2010,101.5202,100.5559,72.3008,87.136
04/06/2010,101.5449,99.9882,72.4443,88.233
05/06/2010,,,,
06/06/2010,,,,
07/06/2010,101.3835,99.9961,73.4321,88.405
08/06/2010,101.3079,99.7827,73.3491,88.394
09/06/2010,101.2503,100.5135,72.8746,87.897
10/06/2010,101.1772,100.9713,72.5321,87.169
11/06/2010,101.4029,101.4155,71.8421,87.507
12/06/2010,,,,
13/06/2010,,,,
14/06/2010,101.2577,101.2726,71.4907,86.511
15/06/2010,101.1236,101.5258,71.6844,85.981
16/06/2010,101.2105,101.6382,71.4497,86.083
17/06/2010,101.107,101.5415,71.1082,85.688
18/06/2010,101.1996,101.7432,71.1803,85.699
19/06/2010,,,,
20/06/2010,,,,
21/06/2010,101.6751,101.9939,70.6013,85.932
22/06/2010,101.4704,101.9033,71.0119,86.106
23/06/2010,101.2899,100.738,71.2025,85.741
24/06/2010,100.9066,100.7896,71.6212,85.733
25/06/2010,100.882,100.8062,71.745,85.313
26/06/2010,,,,
27/06/2010,,,,
28/06/2010,100.8858,101.0633,71.3852,85.652
29/06/2010,100.7007,100.0526,72.1499,86.025
30/06/2010,100.7394,100.0796,72.2316,86.019
01/07/2010,100.0943,98.8209,72.5609,84.716
02/07/2010,100.0569,98.8838,73.0138,84.427
03/07/2010,,,,
04/07/2010,,,,
05/07/2010,,,73.0846,84.608
06/07/2010,100.0713,99.5679,72.7587,84.083
07/07/2010,100.0955,99.7553,72.651,83.822
08/07/2010,100.3086,99.7672,72.0327,83.824
09/07/2010,100.4955,100.1313,71.7405,83.947
10/07/2010,,,,
11/07/2010,,,,
12/07/2010,100.567,100.036,71.7328,84.203
13/07/2010,100.2726,100.5291,71.7452,83.643
14/07/2010,100.3065,100.3924,71.2518,83.426
15/07/2010,99.8736,99.7798,71.2498,82.558
16/07/2010,99.5926,98.9722,71.6704,82.486
17/07/2010,,,,
18/07/2010,,,,
19/07/2010,99.4902,99.0058,72.2157,82.513
20/07/2010,99.7059,99.4627,72.232,82.747
21/07/2010,99.9172,99.9857,71.5843,83.393
22/07/2010,99.8044,100.0906,71.667,82.595
23/07/2010,99.9363,100.1231,71.3115,82.464
24/07/2010,,,,
25/07/2010,,,,
26/07/2010,99.8164,100.0767,71.3232,82.087
27/07/2010,100.1231,100.3535,70.9284,82.185
28/07/2010,100.0414,100.1661,71.0471,82.179
29/07/2010,99.7278,99.6914,71.0086,81.636
30/07/2010,99.7908,100.1243,71.2051,81.539
31/07/2010,,,,
01/08/2010,,,,
02/08/2010,99.8008,100.335,70.5511,80.938
03/08/2010,99.6096,100.0821,70.559,80.596
04/08/2010,99.8267,100.3826,70.534,80.892
05/08/2010,99.7992,100.3919,70.1306,80.825
06/08/2010,99.5211,99.5925,70.424,80.407
07/08/2010,,,,
08/08/2010,,,,
09/08/2010,99.7752,99.9483,70.8082,80.711
10/08/2010,99.8728,99.9202,70.7212,80.799
11/08/2010,99.9273,99.9898,70.9359,82.29
12/08/2010,100.0101,100.238,71.079,82.635
13/08/2010,100.1656,100.3253,71.077,82.948
14/08/2010,,,,
15/08/2010,,,,
16/08/2010,99.968,100.7033,70.9915,82.533
17/08/2010,100.1502,100.9711,70.4568,82.226
18/08/2010,100.1711,100.9424,70.3336,82.223
19/08/2010,100.1673,100.2325,70.4151,82.447
20/08/2010,100.3173,100.4158,71.126,83.057
21/08/2010,,,,
22/08/2010,,,,
23/08/2010,100.1645,99.982,70.9397,83.123
24/08/2010,99.9027,99.8035,71.8153,83.146
25/08/2010,99.9039,99.3623,71.7772,83.261
26/08/2010,99.9334,99.5517,71.7511,82.934
27/08/2010,99.8939,99.5499,72.2459,82.918
28/08/2010,,,,
29/08/2010,,,,
30/08/2010,99.8554,98.988,71.7974,83.164
31/08/2010,99.6947,98.8907,72.4316,83.202
01/09/2010,99.7492,99.4057,72.3573,82.522
02/09/2010,99.7417,99.4149,71.9521,82.463
03/09/2010,99.847,99.8625,71.8113,82.102
04/09/2010,,,,
05/09/2010,,,,
06/09/2010,,,71.4343,82.042
07/09/2010,99.8673,99.5186,71.7355,82.82
08/09/2010,99.9097,99.7337,71.7217,82.585
09/09/2010,100.0542,99.6942,71.5695,82.674
10/09/2010,100.2081,99.9128,71.3813,82.698
11/09/2010,,,,
12/09/2010,,,,
13/09/2010,99.9906,100.0685,70.9781,81.912
14/09/2010,99.8143,100.1236,71.0412,81.08
15/09/2010,100.1647,100.3633,70.8665,81.491
16/09/2010,100.0244,99.8474,70.6775,81.241
17/09/2010,100.192,100.2209,70.5832,81.398
18/09/2010,,,,
19/09/2010,,,,
20/09/2010,100.2115,100.2132,70.5483,81.335
21/09/2010,100.1113,99.9832,70.6841,80.439
22/09/2010,99.6975,99.9826,70.212,79.83
23/09/2010,99.7297,100.285,70.1716,80.01
24/09/2010,99.6765,100.6365,69.913,79.395
25/09/2010,,,,
26/09/2010,,,,
27/09/2010,99.7777,100.7349,69.4914,79.338
28/09/2010,99.5636,100.7179,69.5914,79.014
29/09/2010,99.5809,100.5844,69.2479,78.691
30/09/2010,99.6269,100.1831,69.4996,78.72
01/10/2010,99.5144,100.4735,69.3653,78.088
02/10/2010,,,,
03/10/2010,,,,
04/10/2010,99.5487,100.0926,69.5024,78.447
05/10/2010,99.4772,100.5376,69.5473,77.749
06/10/2010,99.4233,100.4725,68.9806,77.386
07/10/2010,99.2769,100.0353,69.0373,77.387
08/10/2010,99.2633,100.4056,69.5284,77.325
09/10/2010,,,,
10/10/2010,,,,
11/10/2010,,,68.7321,77.442
12/10/2010,99.2746,100.9193,69.0325,77.363
13/10/2010,99.3738,101.0538,68.6271,77.071
14/10/2010,99.2461,100.4497,68.468,76.647
15/10/2010,99.389,100.5249,68.6721,77.041
16/10/2010,,,,
17/10/2010,,,,
18/10/2010,99.2597,100.6705,68.9118,76.934
19/10/2010,99.4102,100.4466,68.7626,78.184
20/10/2010,99.1455,100.6764,69.0407,77.171
21/10/2010,99.143,100.5236,68.6606,77.418
22/10/2010,99.2719,100.5721,68.8831,77.472
23/10/2010,,,,
24/10/2010,,,,
25/10/2010,99.1919,100.4744,68.4914,77.103
26/10/2010,99.3029,100.5296,68.7022,77.708
27/10/2010,99.2638,100.2338,69.0976,78.149
28/10/2010,99.0383,100.3704,69.1191,77.308
29/10/2010,99.0814,100.8288,68.9114,77.266
30/10/2010,,,,
31/10/2010,,,,
01/11/2010,99.1141,100.7122,68.7504,77.296
02/11/2010,99.0624,100.7626,68.6249,76.722
03/11/2010,99.2013,100.9047,68.3656,76.481
04/11/2010,98.9456,101.0661,68.1233,75.882
05/11/2010,99.3118,101.5581,68.3204,76.548
06/11/2010,,,,
07/11/2010,,,,
08/11/2010,99.214,101.4407,68.1871,77.027
09/11/2010,99.5429,101.5633,68.1009,77.443
10/11/2010,99.9222,101.4141,68.3359,77.634
11/11/2010,,,68.3257,78.217
12/11/2010,99.7141,101.4278,68.4352,78.082
13/11/2010,,,,
14/11/2010,,,,
15/11/2010,99.7867,101.5798,68.6988,78.518
16/11/2010,99.9387,100.9025,68.7148,79.21
17/11/2010,99.8133,101.4042,69.2117,79.084
18/11/2010,99.952,101.7132,68.5619,78.617
19/11/2010,99.9111,101.634,68.483,78.504
20/11/2010,,,,
21/11/2010,,,,
22/11/2010,99.9495,101.6124,68.3412,78.682
23/11/2010,99.7814,101.0374,68.7725,79.681
24/11/2010,99.957,101.5741,69.2668,79.867
25/11/2010,,,68.8878,79.73
26/11/2010,100.0546,101.5196,69.4356,80.357
27/11/2010,,,,
28/11/2010,,,,
29/11/2010,100.1196,101.2613,69.2431,80.835
30/11/2010,100.2222,101.8752,69.4171,81.195
01/12/2010,100.3412,102.2094,68.9526,80.713
02/12/2010,100.2225,102.1312,68.8761,80.303
03/12/2010,99.9135,102.0696,68.5036,79.377
04/12/2010,,,,
05/12/2010,,,,
06/12/2010,100.0514,102.0522,68.7224,79.571
07/12/2010,100.1211,101.91,68.5259,79.857
08/12/2010,100.2071,102.0786,69.027,79.997
09/12/2010,100.1812,101.6505,68.7945,80.069
10/12/2010,100.1351,101.5311,69.0805,80.07
11/12/2010,,,,
12/12/2010,,,,
13/12/2010,99.8764,101.7838,68.8079,79.284
14/12/2010,100.0073,101.9902,68.5401,79.367
15/12/2010,100.1437,102.0103,68.7522,80.261
16/12/2010,100.2197,101.882,68.8272,80.181
17/12/2010,100.345,101.9764,68.8454,80.373
18/12/2010,,,,
19/12/2010,,,,
20/12/2010,100.1707,102.2683,68.7271,80.628
21/12/2010,100.2939,102.5651,68.6753,80.718
22/12/2010,100.4467,102.7436,68.4941,80.727
23/12/2010,100.3788,102.6818,68.3646,80.522
24/12/2010,,,68.4666,80.474
25/12/2010,,,,
26/12/2010,,,,
27/12/2010,100.4115,102.3953,68.4994,80.366
28/12/2010,100.3441,102.2379,68.3934,80.365
29/12/2010,100.2574,102.3878,68.602,79.796
30/12/2010,100.3003,102.2909,68.5124,79.521
31/12/2010,100.1537,102.2318,68.411,79.028
01/01/2011,,,,
02/01/2011,,,,
03/01/2011,100.3161,102.9601,68.2135,79.127
04/01/2011,100.4126,102.5686,67.7075,79.444
05/01/2011,100.9464,103.0088,68.0405,80.258
06/01/2011,100.9764,102.9665,67.7956,80.791
07/01/2011,101.0184,103.0729,67.9913,81.012
08/01/2011,,,,
09/01/2011,,,,
10/01/2011,100.7627,103.0964,68.1892,80.881
11/01/2011,101.1,103.3339,67.9154,80.846
12/01/2011,101.1921,103.9657,67.4225,80.031
13/01/2011,100.6761,103.4614,67.3229,79.191
14/01/2011,100.7319,103.5103,67.5681,79.162
15/01/2011,,,,
16/01/2011,,,,
17/01/2011,,,67.1033,79.337
18/01/2011,100.6711,103.5425,66.8922,78.962
19/01/2011,100.3972,103.3011,66.8815,78.64
20/01/2011,100.4253,103.4777,67.2979,78.823
21/01/2011,100.231,103.3415,67.1448,78.213
22/01/2011,,,,
23/01/2011,,,,
24/01/2011,100.1099,103.3148,67.1395,78.05
25/01/2011,100.1216,103.1073,67.0601,78.002
26/01/2011,100.0716,103.2739,67.1313,77.898
27/01/2011,100.1626,103.2644,66.8911,77.727
28/01/2011,99.9374,102.7985,67.0166,78.133
29/01/2011,,,,
30/01/2011,,,,
31/01/2011,99.6686,102.7681,67.469,77.735
01/02/2011,99.6825,103.5409,67.0637,77.067
02/02/2011,99.9293,103.1758,66.8436,77.158
03/02/2011,100.0003,103.2491,66.8307,77.748
04/02/2011,100.2935,103.4864,66.8006,78.044
05/02/2011,,,,
06/02/2011,,,,
07/02/2011,100.4478,103.5959,66.7558,78.029
08/02/2011,100.3107,103.3764,66.7195,77.999
09/02/2011,100.0952,103.348,67.0192,77.641
10/02/2011,100.1873,103.3761,67.2442,78.25
11/02/2011,100.332,103.793,67.137,78.46
12/02/2011,,,,
13/02/2011,,,,
14/02/2011,100.2642,103.9526,66.8966,78.614
15/02/2011,100.3046,103.4089,66.8713,78.573
16/02/2011,100.2654,103.3088,67.204,78.223
17/02/2011,100.2005,103.6654,66.9681,77.995
18/02/2011,100.2162,103.6597,66.7062,77.664
19/02/2011,,,,
20/02/2011,,,,
21/02/2011,,,66.6949,77.689
22/02/2011,99.957,103.2497,67.0323,77.768
23/02/2011,99.616,102.4382,67.0754,77.409
24/02/2011,99.4121,102.581,67.4849,77.057
25/02/2011,99.6033,102.9167,67.1203,77.275
26/02/2011,,,,
27/02/2011,,,,
28/02/2011,99.5935,102.8388,67.1526,76.889
01/03/2011,99.591,102.8129,67.0275,77.049
02/03/2011,99.5109,102.6514,67.1563,76.671
03/03/2011,99.6524,103.1001,66.9395,76.483
04/03/2011,99.6866,103.25,66.5066,76.4
05/03/2011,,,,
06/03/2011,,,,
07/03/2011,99.7262,102.9962,66.6051,76.496
08/03/2011,99.9014,103.2533,66.7291,76.798
09/03/2011,99.9165,103.4065,66.4954,76.721
10/03/2011,99.9569,103.5616,66.4294,77.276
11/03/2011,99.6839,103.6719,66.6297,76.776
12/03/2011,,,,
13/03/2011,,,,
14/03/2011,99.5469,103.3339,66.3165,76.349
15/03/2011,99.2552,103.0356,66.8542,76.328
16/03/2011,99.2129,102.5463,66.7357,76.681
17/03/2011,98.7979,102.1739,67.1158,76.041
18/03/2011,99.0923,102.3926,66.8161,75.718
19/03/2011,,,,
20/03/2011,,,,
21/03/2011,99.1631,102.6887,66.5791,75.401
22/03/2011,99.2255,102.6145,66.4586,75.434
23/03/2011,99.2961,102.7494,66.4986,75.794
24/03/2011,99.2694,102.9106,66.4177,75.656
25/03/2011,99.5376,103.0654,66.2573,76.217
26/03/2011,,,,
27/03/2011,,,,
28/03/2011,99.5783,102.99,66.4043,76.128
29/03/2011,99.7335,103.0116,66.4535,76.249
30/03/2011,99.8798,103.546,66.1691,76.118
31/03/2011,99.844,103.4687,65.9352,75.857
01/04/2011,100.1633,104.0685,65.8173,75.833
02/04/2011,,,,
03/04/2011,,,,
04/04/2011,100.2028,104.0116,65.4989,75.912
05/04/2011,100.2839,104.2433,65.5723,75.882
06/04/2011,100.3315,104.373,65.2821,75.514
07/04/2011,100.3287,104.5077,65.3907,75.585
08/04/2011,100.2941,104.7573,64.8386,75.066
09/04/2011,,,,
10/04/2011,,,,
11/04/2011,100.1036,104.7246,64.7994,75.056
12/04/2011,99.8711,104.1552,65.0743,74.853
13/04/2011,99.8704,104.1135,65.207,74.98
14/04/2011,99.8809,104.378,65.2221,74.685
15/04/2011,99.9292,104.8919,64.8732,74.832
16/04/2011,,,,
17/04/2011,,,,
18/04/2011,100.0119,104.4529,64.7498,75.504
19/04/2011,99.9434,104.8835,64.8721,75.029
20/04/2011,99.8599,105.0916,64.2794,74.368
21/04/2011,99.8158,104.9324,64.0449,74.109
22/04/2011,99.8388,105.0665,64.2183,74.108
23/04/2011,,,,
24/04/2011,,,,
25/04/2011,99.6758,104.8685,64.1837,73.986
26/04/2011,99.6689,105.1325,64.1502,73.837
27/04/2011,99.8129,104.8837,63.9841,73.519
28/04/2011,99.5736,104.5702,63.7929,73.121
29/04/2011,99.6075,104.8838,64.004,72.933
30/04/2011,,,,
01/05/2011,,,,
02/05/2011,99.5432,104.6435,63.8674,72.951
03/05/2011,99.4073,104.2884,64.1917,73.14
04/05/2011,99.3262,103.6153,64.084,73.031
05/05/2011,99.4812,103.5083,64.819,74.194
06/05/2011,99.7576,104.4113,64.6989,74.841
07/05/2011,,,,
08/05/2011,,,,
09/05/2011,99.9719,104.1309,64.3916,74.737
10/05/2011,99.9263,104.372,64.4002,74.611
11/05/2011,100.0392,104.1516,64.0855,75.327
12/05/2011,99.9219,104.0528,64.8612,75.24
13/05/2011,99.9743,103.5504,64.4062,75.757
14/05/2011,,,,
15/05/2011,,,,
16/05/2011,99.7293,103.6288,65.129,75.47
17/05/2011,99.9084,103.4434,65.0021,75.399
18/05/2011,99.854,103.7895,64.8525,75.475
19/05/2011,100.0018,104.0543,64.6373,75.123
20/05/2011,100.1193,104.2247,64.4918,75.435
21/05/2011,,,,
22/05/2011,,,,
23/05/2011,100.047,103.9694,64.9882,76.104
24/05/2011,100.0555,104.0665,64.8593,75.882
25/05/2011,99.9157,104.2012,64.8793,75.932
26/05/2011,99.9126,104.1078,64.6815,75.549
27/05/2011,99.6969,104.4983,64.5288,74.954
28/05/2011,,,,
29/05/2011,,,,
30/05/2011,,,64.259,74.958
31/05/2011,99.8664,104.7199,64.0478,74.638
01/06/2011,99.73,104.321,63.928,74.677
02/06/2011,99.7206,104.2205,64.4411,74.333
03/06/2011,99.5177,104.1352,64.2412,73.783
04/06/2011,,,,
05/06/2011,,,,
06/06/2011,99.4417,103.8434,64.4795,73.952
07/06/2011,99.3499,103.6725,64.5148,73.521
08/06/2011,99.3919,103.4058,64.8231,73.93
09/06/2011,99.5352,103.5821,64.9901,74.192
10/06/2011,99.6783,103.22,64.7992,74.795
11/06/2011,,,,
12/06/2011,,,,
13/06/2011,99.5848,103.3105,65.2253,74.512
14/06/2011,99.5942,103.689,65.025,74.332
15/06/2011,99.8771,103.4922,64.9493,75.601
16/06/2011,99.7838,102.9542,65.561,75.752
17/06/2011,99.601,103.1312,65.3246,74.988
18/06/2011,,,,
19/06/2011,,,,
20/06/2011,99.6079,103.2922,65.4229,75.029
21/06/2011,99.6073,103.5573,64.9864,74.541
22/06/2011,99.6616,103.6777,64.8881,74.783
23/06/2011,99.8386,103.6517,65.0537,75.447
24/06/2011,99.7757,103.5294,65.2048,75.665
25/06/2011,,,,
26/06/2011,,,,
27/06/2011,99.6417,103.522,65.3675,75.392
28/06/2011,99.6017,103.8412,65.2474,75.063
29/06/2011,99.6695,104.1618,64.6713,74.691
30/06/2011,99.6646,104.4059,64.4235,74.303
01/07/2011,99.8466,104.9709,64.201,74.349
02/07/2011,,,,
03/07/2011,,,,
04/07/2011,,,63.7478,74.275
05/07/2011,99.949,105.0249,63.7984,74.691
06/07/2011,100.0624,105.1417,64.1115,75.122
07/07/2011,100.2532,105.6305,63.8818,74.957
08/07/2011,100.2519,105.2536,63.6079,75.179
09/07/2011,,,,
10/07/2011,,,,
11/07/2011,100.3284,104.8633,64.1866,75.989
12/07/2011,100.0273,104.668,64.8482,75.809
13/07/2011,99.8341,104.8426,64.4432,75.208
14/07/2011,99.8706,104.708,64.2109,75.253
15/07/2011,99.7882,104.848,64.2809,75.126
16/07/2011,,,,
17/07/2011,,,,
18/07/2011,99.8332,104.5535,64.5692,75.483
19/07/2011,99.7646,104.9248,64.187,75.221
20/07/2011,99.7977,104.978,63.9224,74.792
21/07/2011,99.5455,105.0668,63.9618,74.015
22/07/2011,99.641,105.037,63.6697,74.201
23/07/2011,,,,
24/07/2011,,,,
25/07/2011,99.5447,104.9527,63.9406,74.064
26/07/2011,99.4425,105.0454,63.638,73.474
27/07/2011,99.5479,104.6215,63.726,74.087
28/07/2011,99.6458,104.6725,63.7874,74.222
29/07/2011,99.3132,104.3916,64.3836,73.897
30/07/2011,,,,
31/07/2011,,,,
01/08/2011,99.5708,104.2673,63.775,74.262
02/08/2011,99.4695,104.142,64.4079,74.513
03/08/2011,99.1852,103.6211,64.5719,74.044
04/08/2011,99.5922,103.0611,64.8406,75.124
05/08/2011,99.3396,102.6653,65.5961,74.598
06/08/2011,,,,
07/08/2011,,,,
08/08/2011,98.851,101.7199,66.1282,74.791
09/08/2011,98.5266,100.6404,67.882,74.605
10/08/2011,98.5018,100.464,65.9054,74.636
11/08/2011,98.6193,100.2021,66.9362,74.677
12/08/2011,98.7621,101.0517,66.9536,74.607
13/08/2011,,,,
14/08/2011,,,,
15/08/2011,98.6015,101.1041,66.4217,73.836
16/08/2011,98.7238,101.1351,66.464,74.01
17/08/2011,98.6195,101.5075,66.061,73.674
18/08/2011,98.5422,100.7115,66.5135,74.244
19/08/2011,98.349,101.201,66.7159,74.009
20/08/2011,,,,
21/08/2011,,,,
22/08/2011,98.42,100.819,66.3402,74.074
23/08/2011,98.4035,100.8345,66.504,73.894
24/08/2011,98.4285,100.3803,66.8931,74.012
25/08/2011,98.5482,100.4256,67.1465,74.279
26/08/2011,98.3834,100.0552,67.2395,73.814
27/08/2011,,,,
28/08/2011,,,,
29/08/2011,98.5014,100.319,66.9901,73.721
30/08/2011,98.5665,100.2489,67.11,73.946
31/08/2011,98.7399,100.9975,67.1834,74.117
01/09/2011,98.9194,101.3287,66.6207,74.479
02/09/2011,98.7981,100.4774,66.7308,74.756
03/09/2011,,,,
04/09/2011,,,,
05/09/2011,,,67.7632,75.112
06/09/2011,99.0175,99.9803,67.3953,75.952
07/09/2011,98.9645,100.1873,67.3145,75.467
08/09/2011,99.045,100.2004,67.403,76.246
09/09/2011,99.1613,99.581,68.1788,77.192
10/09/2011,,,,
11/09/2011,,,,
12/09/2011,98.9894,98.8771,69.0325,77.578
13/09/2011,98.7085,97.9232,69.2783,76.919
14/09/2011,98.3759,97.7441,69.5313,76.833
15/09/2011,98.1814,97.8943,69.2552,76.241
16/09/2011,98.3812,97.7009,69.4136,76.599
17/09/2011,,,,
18/09/2011,,,,
19/09/2011,97.9207,96.4069,70.4352,77.146
20/09/2011,97.8662,96.178,70.6679,77.03
21/09/2011,97.4744,94.6055,71.5783,77.342
22/09/2011,97.2954,92.7591,74.1273,78.455
23/09/2011,97.4187,93.159,75.2627,78.501
24/09/2011,,,,
25/09/2011,,,,
26/09/2011,97.2692,93.9878,72.5178,78.363
27/09/2011,97.5734,95.5879,72.2626,77.506
28/09/2011,97.4411,95.2695,71.8004,77.852
29/09/2011,97.3365,94.8676,72.6392,78.028
30/09/2011,97.4955,93.5487,73.9288,78.553
01/10/2011,,,,
02/10/2011,,,,
03/10/2011,97.5463,93.0669,74.5216,79.431
04/10/2011,97.415,92.8501,75.0534,79.597
05/10/2011,97.6824,94.173,73.9408,78.919
06/10/2011,97.691,95.083,72.8565,78.634
07/10/2011,97.7888,96.2563,72.1624,78.726
08/10/2011,,,,
09/10/2011,,,,
10/10/2011,,,71.4215,77.494
11/10/2011,97.6307,96.2789,71.6356,77.585
12/10/2011,97.719,96.2715,71.1925,76.994
13/10/2011,97.591,96.0926,71.3417,76.996
14/10/2011,97.5858,96.3698,71.5125,76.623
15/10/2011,,,,
16/10/2011,,,,
17/10/2011,97.6444,96.2397,70.8352,77.146
18/10/2011,97.5053,95.7608,72.2179,77.138
19/10/2011,97.5505,95.6256,71.3721,77.114
20/10/2011,97.217,94.0286,71.9827,76.974
21/10/2011,96.9187,94.7218,72.993,76.395
22/10/2011,,,,
23/10/2011,,,,
24/10/2011,97.174,95.4081,72.6682,76.028
25/10/2011,97.2577,95.5981,71.2549,76.122
26/10/2011,97.3413,95.5218,72.031,76.246
27/10/2011,97.2579,96.6958,70.6695,74.879
28/10/2011,97.432,97.2776,70.2197,75.067
29/10/2011,,,,
30/10/2011,,,,
31/10/2011,97.8645,97.5956,70.0124,76.166
01/11/2011,97.7696,95.541,72.3654,77.261
02/11/2011,97.7693,96.087,71.8198,77.017
03/11/2011,97.8642,96.4289,71.8227,76.672
04/11/2011,97.9937,96.0412,71.2376,76.962
05/11/2011,,,,
06/11/2011,,,,
07/11/2011,97.8795,96.1619,71.8481,76.962
08/11/2011,97.7977,96.6221,71.6239,76.586
09/11/2011,97.9319,96.1782,72.1493,77.926
10/11/2011,97.72,96.0719,72.2956,77.743
11/11/2011,97.5372,96.6048,71.9392,76.945
12/11/2011,,,,
13/11/2011,,,,
14/11/2011,97.5897,96.3115,71.9741,77.569
15/11/2011,97.6243,95.9807,72.2474,77.872
16/11/2011,97.6618,96.0337,72.4202,78.016
17/11/2011,97.6748,95.9473,72.6568,78.282
18/11/2011,97.5327,95.5594,72.4542,78.064
19/11/2011,,,,
20/11/2011,,,,
21/11/2011,97.1904,94.1379,73.8229,78.3
22/11/2011,97.2221,94.3338,73.8117,78.266
23/11/2011,97.2782,93.5282,74.3401,79.141
24/11/2011,,,74.572,79.141
25/11/2011,97.1992,93.0512,75.5036,79.686
26/11/2011,,,,
27/11/2011,,,,
28/11/2011,97.3381,93.9724,74.4199,79.263
29/11/2011,97.3855,94.364,74.1156,79.007
30/11/2011,97.5106,95.9149,73.0537,78.384
01/12/2011,97.723,95.9149,72.3041,78.328
02/12/2011,97.971,96.2478,72.2026,78.625
03/12/2011,,,,
04/12/2011,,,,
05/12/2011,97.9199,96.5921,72.0818,78.57
06/12/2011,97.9125,96.6258,72.0727,78.499
07/12/2011,97.8949,96.7247,72.1189,78.485
08/12/2011,97.7716,95.9726,72.1232,78.832
09/12/2011,97.6551,96.3281,72.5615,78.632
10/12/2011,,,,
11/12/2011,,,,
12/12/2011,97.6686,95.3461,73.0555,79.534
13/12/2011,97.7849,95.7356,73.4132,80.242
14/12/2011,97.8392,95.0426,73.8733,80.589
15/12/2011,97.8231,95.6304,73.6907,80.321
16/12/2011,97.9298,95.3827,73.576,80.256
17/12/2011,,,,
18/12/2011,,,,
19/12/2011,97.888,95.3514,73.7473,80.25
20/12/2011,97.8894,95.726,73.5429,79.882
21/12/2011,98.0351,95.3165,73.2466,80.022
22/12/2011,98.0277,95.5194,73.4452,79.964
23/12/2011,98.0639,95.4759,73.4179,79.93
24/12/2011,,,,
25/12/2011,,,,
26/12/2011,,,73.5829,79.921
27/12/2011,97.8875,94.8391,73.5792,79.797
28/12/2011,98.0794,94.7938,74.0013,80.497
29/12/2011,97.9943,94.9625,74.2833,80.486
30/12/2011,97.915,94.9295,74.0849,80.178
31/12/2011,,,,
01/01/2012,,,,
02/01/2012,,,73.8811,80.28
03/01/2012,97.9222,96.2241,73.2706,79.611
04/01/2012,98.0044,96.5984,72.9481,80.129
05/01/2012,98.2721,96.539,73.1009,80.936
06/01/2012,98.3441,96.6579,72.9333,81.254
07/01/2012,,,,
08/01/2012,,,,
09/01/2012,98.294,96.6725,72.8967,81.051
10/01/2012,98.4628,97.4284,72.2316,80.805
11/01/2012,98.5905,97.6346,72.3775,81.351
12/01/2012,98.545,97.9584,71.8232,80.77
13/01/2012,98.8218,97.8552,71.687,81.515
14/01/2012,,,,
15/01/2012,,,,
16/01/2012,,,71.8468,81.515
17/01/2012,98.8708,98.6607,71.3759,81.182
18/01/2012,98.9451,99.2019,71.1338,80.609
19/01/2012,98.971,99.49,70.6037,80.216
20/01/2012,98.8434,99.517,70.6336,80.223
21/01/2012,,,,
22/01/2012,,,,
23/01/2012,98.8605,99.7835,69.9458,79.783
24/01/2012,99.0173,99.8398,70.3798,79.868
25/01/2012,99.1397,99.8664,70.1599,79.579
26/01/2012,99.1349,100.6856,68.9453,79.395
27/01/2012,99.0219,100.607,69.2608,78.902
28/01/2012,,,,
29/01/2012,,,,
30/01/2012,98.902,100.3964,69.3987,79.167
31/01/2012,99.1511,100.1529,68.986,79.288
01/02/2012,99.1185,100.8845,69.2255,78.922
02/02/2012,99.3495,101.2904,68.8243,78.991
03/02/2012,99.5818,101.9185,68.5034,78.924
04/02/2012,,,,
05/02/2012,,,,
06/02/2012,99.4965,102.3879,68.2869,79.069
07/02/2012,99.4427,102.1674,67.9983,78.576
08/02/2012,99.4989,101.9437,67.8342,78.641
09/02/2012,99.4317,101.7894,68.2368,78.566
10/02/2012,99.4174,101.6156,68.2415,79.114
11/02/2012,,,,
12/02/2012,,,,
13/02/2012,99.5208,101.9267,67.9631,78.946
14/02/2012,99.6405,101.956,68.0231,79.58
15/02/2012,99.7423,101.9798,68.0731,79.67
16/02/2012,99.6274,101.5398,69.0797,79.348
17/02/2012,99.7867,101.809,68.1969,79.331
18/02/2012,,,,
19/02/2012,,,,
20/02/2012,,,67.815,79.331
21/02/2012,99.839,101.8327,67.9575,79.044
22/02/2012,99.843,101.6888,68.3953,79.211
23/02/2012,99.7852,101.5272,68.1313,78.819
24/02/2012,99.6613,101.1824,68.2076,78.352
25/02/2012,,,,
26/02/2012,,,,
27/02/2012,99.6337,101.3603,68.8409,78.568
28/02/2012,99.6739,101.3293,68.2984,78.273
29/02/2012,99.9948,101.4804,67.9328,78.737
01/03/2012,100.0664,101.6794,68.3234,78.789
02/03/2012,100.2453,101.6511,68.1075,79.403
03/03/2012,,,,
04/03/2012,,,,
05/03/2012,100.0463,101.3546,68.4452,79.3
06/03/2012,99.8328,100.3221,68.9134,79.866
07/03/2012,99.921,100.6204,69.0923,79.712
08/03/2012,100.0104,101.1548,68.3408,79.139
09/03/2012,100.5785,101.8901,68.1355,80.041
10/03/2012,,,,
11/03/2012,,,,
12/03/2012,100.2079,101.1038,68.112,79.89
13/03/2012,100.4066,101.8588,67.9947,80.193
14/03/2012,100.5515,101.6202,67.7819,80.565
15/03/2012,100.4745,101.6453,68.1107,80.15
16/03/2012,100.3419,101.5217,68.0381,79.786
17/03/2012,,,,
18/03/2012,,,,
19/03/2012,100.2824,101.4989,68.0959,79.452
20/03/2012,100.1876,101.1778,68.2802,79.593
21/03/2012,100.1923,101.1697,68.044,79.657
22/03/2012,99.9851,100.4627,68.7863,79.736
23/03/2012,99.8844,100.4933,68.8807,79.345
24/03/2012,,,,
25/03/2012,,,,
26/03/2012,99.9509,101.0229,68.3512,78.982
27/03/2012,100.0448,101.1468,68.0165,79.047
28/03/2012,99.9057,100.2959,68.3813,79.126
29/03/2012,99.7344,100.0715,68.7711,79.186
30/03/2012,99.8077,100.1825,68.5558,79.004
31/03/2012,,,,
01/04/2012,,,,
02/04/2012,99.8645,100.4361,68.5192,78.82
03/04/2012,99.9342,100.5276,68.475,79.483
04/04/2012,100.1384,100.4339,68.7365,79.778
05/04/2012,100.1406,100.5344,68.861,80.076
06/04/2012,99.9033,99.852,68.9674,79.886
07/04/2012,,,,
08/04/2012,,,,
09/04/2012,99.8087,99.8365,69.5355,79.733
10/04/2012,99.57,98.8508,69.4362,79.891
11/04/2012,99.5369,98.942,69.8483,79.795
12/04/2012,99.582,99.3257,69.7252,79.285
13/04/2012,99.7306,98.9299,69.571,79.888
14/04/2012,,,,
15/04/2012,,,,
16/04/2012,99.5268,98.6017,70.2047,79.555
17/04/2012,99.6366,98.9926,69.9374,79.476
18/04/2012,99.595,98.5379,69.9219,79.538
19/04/2012,99.5329,97.9677,70.2804,79.561
20/04/2012,99.4523,98.5897,70.1009,79.194
21/04/2012,,,,
22/04/2012,,,,
23/04/2012,99.3659,98.1578,70.1321,79.42
24/04/2012,99.4038,98.3425,70.098,79.225
25/04/2012,99.4976,98.1586,69.9687,79.012
26/04/2012,99.4004,97.8826,70.0851,78.919
27/04/2012,99.4223,98.7484,70.1946,78.709
28/04/2012,,,,
29/04/2012,,,,
30/04/2012,99.3555,98.6709,69.3599,78.776
01/05/2012,99.5332,99.0002,69.7686,78.864
02/05/2012,99.5447,98.727,69.3672,79.132
03/05/2012,99.5153,98.5638,69.4499,79.221
04/05/2012,99.3919,97.9634,69.4936,79.498
05/05/2012,,,,
06/05/2012,,,,
07/05/2012,99.4106,98.0895,70.3282,79.603
08/05/2012,99.2965,97.2465,70.4847,79.738
09/05/2012,99.1272,96.5034,71.4514,80.08
10/05/2012,99.2432,96.6585,71.621,80.112
11/05/2012,99.2096,96.7263,71.8168,80.264
12/05/2012,,,,
13/05/2012,,,,
14/05/2012,98.9759,95.7503,72.2621,80.606
15/05/2012,99.0463,95.5032,72.4985,81.221
16/05/2012,98.9917,95.2366,73.4148,81.372
17/05/2012,98.8441,95.177,73.1001,81.383
18/05/2012,98.7545,94.9942,73.2963,81.292
19/05/2012,,,,
20/05/2012,,,,
21/05/2012,98.7412,94.8099,73.0994,81.084
22/05/2012,98.8982,95.0873,73.0553,81.493
23/05/2012,98.6362,94.0102,74.3055,82.094
24/05/2012,98.6949,94.4268,73.7999,82.347
25/05/2012,98.807,94.9919,74.1179,82.402
26/05/2012,,,,
27/05/2012,,,,
28/05/2012,,,73.5409,82.402
29/05/2012,98.8546,95.2964,73.5422,82.48
30/05/2012,98.5813,94.7714,73.7939,83.018
31/05/2012,98.4071,94.0629,74.4807,83.043
01/06/2012,98.2172,93.5481,75.8913,82.89
02/06/2012,,,,
03/06/2012,,,,
04/06/2012,98.2384,93.9142,74.9323,82.557
05/06/2012,98.4428,94.1546,75.0517,82.825
06/06/2012,98.6136,94.7821,74.3668,82.321
07/06/2012,98.8309,95.1706,73.9615,82.051
08/06/2012,98.7444,95.2025,74.5165,82.511
09/06/2012,,,,
10/06/2012,,,,
11/06/2012,98.6754,95.2387,73.3363,82.515
12/06/2012,98.6041,95.0814,74.1518,82.423
13/06/2012,98.5554,94.8633,73.8734,82.058
14/06/2012,98.4692,94.6953,74.122,81.99
15/06/2012,98.5116,95.2663,73.4218,81.628
16/06/2012,,,,
17/06/2012,,,,
18/06/2012,98.628,95.1033,73.3878,81.946
19/06/2012,98.6792,96.1525,73.173,81.378
20/06/2012,98.7097,96.1248,72.5142,81.583
21/06/2012,98.8147,96.1577,72.6169,82.29
22/06/2012,98.7759,95.7363,73.4463,82.256
23/06/2012,,,,
24/06/2012,,,,
25/06/2012,98.5981,95.172,73.6967,82.497
26/06/2012,98.6981,95.7106,73.5005,82.372
27/06/2012,98.9268,96.4014,73.1415,82.618
28/06/2012,98.8396,96.2396,72.704,82.807
29/06/2012,99.0216,97.6526,72.053,81.627
30/06/2012,,,,
01/07/2012,,,,
02/07/2012,99.1587,98.4382,71.3646,81.87
03/07/2012,99.3494,98.4166,71.2128,81.782
04/07/2012,,,71.3254,81.782
05/07/2012,99.5706,98.3575,71.418,82.813
06/07/2012,99.4192,97.8196,71.6223,83.377
07/07/2012,,,,
08/07/2012,,,,
09/07/2012,99.3757,98.176,71.7195,83.161
10/07/2012,99.6111,98.8655,71.1073,83.4
11/07/2012,99.6482,98.8422,71.1622,83.568
12/07/2012,99.4516,98.388,71.6973,83.659
13/07/2012,99.5053,98.8172,71.5402,83.349
14/07/2012,,,,
15/07/2012,,,,
16/07/2012,99.445,99.106,71.1574,83.098
17/07/2012,99.6081,99.4666,70.7215,83.032
18/07/2012,99.6169,99.932,70.5986,83.068
19/07/2012,99.5656,99.5175,70.3564,82.883
20/07/2012,99.5639,99.1755,70.7493,83.478
21/07/2012,,,,
22/07/2012,,,,
23/07/2012,99.2541,98.1987,71.7155,83.706
24/07/2012,99.1942,97.428,72.5547,84.005
25/07/2012,99.1608,97.5914,72.2575,83.524
26/07/2012,99.1607,98.3769,71.7378,82.808
27/07/2012,99.2913,99.0625,71.4406,82.709
28/07/2012,,,,
29/07/2012,,,,
30/07/2012,99.4479,98.9676,70.7881,82.794
31/07/2012,99.4515,98.5741,70.7862,82.635
01/08/2012,99.5017,98.7672,71.0807,83.058
02/08/2012,99.5507,98.3863,71.3302,83.361
03/08/2012,99.4943,99.4144,70.8714,82.375
04/08/2012,,,,
05/08/2012,,,,
06/08/2012,99.5372,99.5375,70.3209,82.266
07/08/2012,99.5592,99.0817,70.4774,82.21
08/08/2012,99.6123,99.2004,70.7305,82.394
09/08/2012,99.847,99.5804,70.3639,82.638
10/08/2012,99.6966,99.614,70.2983,82.553
11/08/2012,,,,
12/08/2012,,,,
13/08/2012,99.548,99.0996,70.0654,82.435
14/08/2012,99.6505,99.1785,70.1692,82.483
15/08/2012,99.7166,99.2475,70.4823,82.645
16/08/2012,99.654,99.2336,70.4278,82.357
17/08/2012,99.7446,99.2202,70.5609,82.596
18/08/2012,,,,
19/08/2012,,,,
20/08/2012,99.6937,99.3175,70.2089,82.456
21/08/2012,99.5944,99.2354,70.1048,81.907
22/08/2012,99.535,99.2486,70.4441,81.486
23/08/2012,99.2373,98.7923,70.2626,81.359
24/08/2012,99.2963,98.8023,70.6703,81.593
25/08/2012,,,,
26/08/2012,,,,
27/08/2012,99.289,98.805,70.5241,81.658
28/08/2012,99.1254,98.4346,70.5737,81.37
29/08/2012,99.0467,98.082,70.7937,81.549
30/08/2012,98.9943,97.6943,71.3089,81.691
31/08/2012,98.9923,98.3816,71.1531,81.208
01/09/2012,,,,
02/09/2012,,,,
03/09/2012,,,70.6331,81.208
04/09/2012,99.0407,98.4823,70.5893,81.312
05/09/2012,99.0174,98.8882,70.6622,81.235
06/09/2012,99.2565,99.2495,70.1777,81.04
07/09/2012,99.0029,99.136,69.6524,80.252
08/09/2012,,,,
09/09/2012,,,,
10/09/2012,99.0411,99.1116,69.5729,80.357
11/09/2012,98.945,99.0145,69.8463,79.857
12/09/2012,98.9009,98.8801,69.4958,79.737
13/09/2012,98.793,98.9625,69.8577,79.262
14/09/2012,99.0425,99.679,68.8755,78.847
15/09/2012,,,,
16/09/2012,,,,
17/09/2012,99.0621,99.6209,68.7189,79.01
18/09/2012,99.0339,99.5022,69.0952,79.249
19/09/2012,98.9525,99.4194,68.9925,79.055
20/09/2012,99.0581,99.2861,69.3825,79.411
21/09/2012,99.1234,99.4262,68.9635,79.328
22/09/2012,,,,
23/09/2012,,,,
24/09/2012,99.0641,99.1836,69.4648,79.518
25/09/2012,99.1055,99.5786,69.4354,79.552
26/09/2012,99.1235,99.3077,69.2602,79.885
27/09/2012,99.1344,99.5145,69.1096,79.548
28/09/2012,99.3286,99.4522,69.0864,79.935
29/09/2012,,,,
30/09/2012,,,,
01/10/2012,99.3652,99.6595,69.1615,79.824
02/10/2012,99.2922,99.4095,69.0249,79.744
03/10/2012,99.4953,99.5874,69.2386,79.965
04/10/2012,99.3671,99.813,68.8691,79.353
05/10/2012,99.4087,99.8966,68.6987,79.337
06/10/2012,,,,
07/10/2012,,,,
08/10/2012,,,69.1458,79.54
09/10/2012,99.3948,99.4053,68.8972,79.951
10/10/2012,99.3504,99.1675,69.2038,79.917
11/10/2012,99.4122,99.3216,69.3751,79.775
12/10/2012,99.4354,99.1537,69.1619,79.667
13/10/2012,,,,
14/10/2012,,,,
15/10/2012,99.5023,99.6354,69.0478,79.742
16/10/2012,99.5146,99.5527,68.8664,79.405
17/10/2012,99.4075,99.3994,68.9183,79.016
18/10/2012,99.4772,99.4773,68.7821,79.367
19/10/2012,99.5466,99.4598,69.052,79.621
20/10/2012,,,,
21/10/2012,,,,
22/10/2012,99.5962,99.5556,69.0516,79.652
23/10/2012,99.6163,99.0791,69.3523,79.976
24/10/2012,99.6065,99.1273,69.5779,79.914
25/10/2012,99.7278,99.2059,69.3628,80.044
26/10/2012,99.646,98.9698,69.8898,80.068
27/10/2012,,,,
28/10/2012,,,,
29/10/2012,99.6421,98.8081,69.9165,80.232
30/10/2012,99.7268,98.8934,69.9274,79.931
31/10/2012,99.6951,98.7199,69.819,79.919
01/11/2012,99.7514,99.0516,69.9977,80.047
02/11/2012,99.9624,99.4591,69.7353,80.593
03/11/2012,,,,
04/11/2012,,,,
05/11/2012,99.9032,99.3713,69.8955,80.749
06/11/2012,99.944,99.7769,69.5988,80.613
07/11/2012,99.9377,99.4237,69.3613,80.759
08/11/2012,99.8656,99.2143,69.9326,80.793
09/11/2012,99.8622,98.9605,70.3457,81.026
10/11/2012,,,,
11/11/2012,,,,
12/11/2012,,,70.3385,81.035
13/11/2012,99.8002,98.5741,70.5191,81.084
14/11/2012,99.8991,98.5541,70.4702,81.056
15/11/2012,99.9375,98.5392,70.6944,81.078
16/11/2012,100.0083,98.8481,70.7157,81.257
17/11/2012,,,,
18/11/2012,,,,
19/11/2012,100.035,99.2761,70.1369,80.874
20/11/2012,100.1785,99.4617,70.0846,80.957
21/11/2012,100.2306,99.1871,69.9148,80.932
22/11/2012,,,69.8345,80.699
23/11/2012,99.9794,99.2949,69.9789,80.192
24/11/2012,,,,
25/11/2012,,,,
26/11/2012,99.9913,99.155,69.6727,80.251
27/11/2012,100.1361,99.3877,69.7612,80.402
28/11/2012,100.0005,99.1509,70.097,80.336
29/11/2012,100.12,99.2343,69.6167,80.204
30/11/2012,100.1433,99.1583,69.5637,80.153
01/12/2012,,,,
02/12/2012,,,,
03/12/2012,99.9144,98.9835,69.6033,79.882
04/12/2012,99.8268,98.8159,69.8029,79.644
05/12/2012,99.9778,99.197,69.6871,79.774
06/12/2012,100.1506,99.6415,69.45,80.258
07/12/2012,100.2396,99.8981,69.2588,80.408
08/12/2012,,,,
09/12/2012,,,,
10/12/2012,100.29,100.1635,69.0096,80.328
11/12/2012,100.2046,100.2964,68.8742,80.061
12/12/2012,100.2543,100.4178,68.7363,79.815
13/12/2012,100.2609,100.0141,68.7091,79.928
14/12/2012,100.1426,100.0824,69.0051,79.58
15/12/2012,,,,
16/12/2012,,,,
17/12/2012,100.1021,99.99,68.8553,79.568
18/12/2012,100.1149,100.1989,68.7022,79.359
19/12/2012,100.1895,100.2814,68.5384,79.269
20/12/2012,100.1937,100.2948,68.7183,79.261
21/12/2012,100.1288,99.5059,69.0254,79.617
22/12/2012,,,,
23/12/2012,,,,
24/12/2012,100.2183,99.363,69.3692,79.642
25/12/2012,,,69.5161,79.67
26/12/2012,100.2538,99.5539,69.5006,79.621
27/12/2012,100.3763,99.5869,69.2649,79.62
28/12/2012,100.4582,99.7836,69.3989,79.678
29/12/2012,,,,
30/12/2012,,,,
31/12/2012,100.5409,99.9282,69.5537,79.769
01/01/2013,,,68.9014,79.736
02/01/2013,100.7914,100.9806,68.6726,79.845
03/01/2013,100.9043,101.3105,68.5434,80.382
04/01/2013,101.0878,101.5475,68.695,80.499
05/01/2013,,,,
06/01/2013,,,,
07/01/2013,100.8758,101.4929,68.4324,80.256
08/01/2013,100.8874,101.3452,68.2643,80.345
09/01/2013,101.0705,101.5732,68.5478,80.557
10/01/2013,100.9548,101.8906,68.0556,79.738
11/01/2013,100.8604,101.6592,67.9647,79.563
12/01/2013,,,,
13/01/2013,,,,
14/01/2013,100.8956,101.862,67.9541,79.488
15/01/2013,100.9146,101.7722,68.0047,79.779
16/01/2013,100.9684,101.8427,67.9566,79.804
17/01/2013,101.1284,102.105,67.8508,79.649
18/01/2013,101.2007,101.8655,67.8473,80.036
19/01/2013,,,,
20/01/2013,,,,
21/01/2013,,,68.1974,80.036
22/01/2013,100.8991,101.6241,68.1137,79.874
23/01/2013,100.8894,101.7963,68.0274,79.92
24/01/2013,101.0556,102.0962,68.1245,79.949
25/01/2013,100.9442,101.7483,67.9366,79.748
26/01/2013,,,,
27/01/2013,,,,
28/01/2013,100.6962,101.6904,68.3309,79.78
29/01/2013,100.7708,102.076,68.2066,79.564
30/01/2013,100.6805,101.7357,67.8591,79.281
31/01/2013,100.6493,101.7462,68.0141,79.207
01/02/2013,100.7589,102.2641,68.0354,79.125
02/02/2013,,,,
03/02/2013,,,,
04/02/2013,100.8893,101.9312,67.7347,79.554
05/02/2013,101.1023,102.3223,67.8841,79.488
06/02/2013,101.1146,102.1899,67.7879,79.721
07/02/2013,101.2776,102.2777,67.8404,80.192
08/02/2013,101.2037,102.2507,67.8554,80.246
09/02/2013,,,,
10/02/2013,,,,
11/02/2013,101.1148,101.1052,68.1717,80.31
12/02/2013,101.0404,101.1697,68.013,80.106
13/02/2013,101.1583,101.2371,67.6746,80.091
14/02/2013,101.3038,101.5621,67.9269,80.458
15/02/2013,101.3304,101.5383,67.7724,80.58
16/02/2013,,,,
17/02/2013,,,,
18/02/2013,,,67.7479,80.627
19/02/2013,101.2832,101.7175,67.7652,80.468
20/02/2013,101.4033,101.7626,67.629,81.069
21/02/2013,101.3772,101.5027,68.1582,81.461
22/02/2013,101.5223,101.7329,67.9925,81.482
23/02/2013,,,,
24/02/2013,,,,
25/02/2013,101.6217,101.8239,67.805,81.67
26/02/2013,101.3723,101.1019,68.3878,81.87
27/02/2013,101.4493,101.3484,68.4136,81.602
28/02/2013,101.5815,101.6962,68.1032,81.949
01/03/2013,101.8332,101.858,68.4437,82.313
02/03/2013,,,,
03/03/2013,,,,
04/03/2013,101.7258,102.0337,68.3612,82.195
05/03/2013,101.7821,102.3585,67.976,82.087
06/03/2013,101.9149,102.4321,67.8256,82.459
07/03/2013,101.8647,102.2525,68.1454,82.081
08/03/2013,102.3417,103.1853,67.8959,82.696
09/03/2013,,,,
10/03/2013,,,,
11/03/2013,102.274,103.7424,67.5094,82.573
12/03/2013,102.2372,104.1665,67.2411,82.584
13/03/2013,102.3678,104.6538,66.9502,82.889
14/03/2013,102.2355,104.3027,66.7881,82.606
15/03/2013,101.941,104.1205,66.8499,82.261
16/03/2013,,,,
17/03/2013,,,,
18/03/2013,101.9646,104.2371,67.0804,82.694
19/03/2013,102.0765,104.3117,66.8294,82.989
20/03/2013,102.0804,104.4837,66.8445,82.779
21/03/2013,102.0387,104.5466,66.6717,82.74
22/03/2013,101.7895,104.1604,66.9178,82.376
23/03/2013,,,,
24/03/2013,,,,
25/03/2013,102.033,104.3952,66.6998,82.828
26/03/2013,102.1039,104.5418,66.7152,82.881
27/03/2013,102.1655,104.4598,67.0208,83.221
28/03/2013,102.0719,104.5301,66.7845,82.996
29/03/2013,102.1465,104.5616,66.7584,82.976
30/03/2013,,,,
31/03/2013,,,,
01/04/2013,101.9314,104.4043,66.7068,82.733
02/04/2013,102.022,104.7932,66.7282,82.924
03/04/2013,101.8725,104.4658,66.4458,82.718
04/04/2013,102.2405,104.6445,66.6682,82.677
05/04/2013,102.1662,105.3016,66.701,82.496
06/04/2013,,,,
07/04/2013,,,,
08/04/2013,102.5527,105.9508,65.8631,82.752
09/04/2013,102.5164,105.9786,65.9517,82.309
10/04/2013,102.7089,106.0859,65.7535,82.532
11/04/2013,102.6145,106.215,65.5902,82.247
12/04/2013,102.589,106.1475,65.5494,82.311
13/04/2013,,,,
14/04/2013,,,,
15/04/2013,102.5154,105.4966,65.8592,82.417
16/04/2013,102.4435,105.3359,66.1373,81.749
17/04/2013,102.5617,104.9926,66.1138,82.684
18/04/2013,102.5453,104.5929,66.1951,82.559
19/04/2013,102.7582,104.9989,66.3301,82.714
20/04/2013,,,,
21/04/2013,,,,
22/04/2013,102.6993,104.6651,66.3921,82.676
23/04/2013,102.7888,104.9504,66.6754,83.048
24/04/2013,102.8017,104.7934,66.4114,83.048
25/04/2013,102.949,105.6421,65.9934,82.744
26/04/2013,102.6454,105.2369,66.015,82.502
27/04/2013,,,,
28/04/2013,,,,
29/04/2013,102.761,105.3665,65.8281,82.147
30/04/2013,102.5014,105.1584,66.1741,81.746
01/05/2013,102.3616,104.5597,65.8934,81.484
02/05/2013,102.7781,105.0209,66.0851,82.224
03/05/2013,102.918,105.4728,66.111,82.125
04/05/2013,,,,
05/05/2013,,,,
06/05/2013,103.0077,105.4347,65.7301,82.315
07/05/2013,103.037,105.5574,65.7433,82.253
08/05/2013,103.0406,105.5428,65.465,81.896
09/05/2013,103.2288,105.962,65.2669,82.793
10/05/2013,103.4568,105.5069,65.5499,83.143
11/05/2013,,,,
12/05/2013,,,,
13/05/2013,103.3645,105.6043,65.8822,83.277
14/05/2013,103.505,105.601,66.0373,83.595
15/05/2013,103.534,105.2182,66.2357,83.83
16/05/2013,103.379,105.1432,66.4387,83.588
17/05/2013,103.5712,104.8024,66.6643,84.252
18/05/2013,,,,
19/05/2013,,,,
20/05/2013,103.4234,104.5568,66.7329,83.736
21/05/2013,103.4001,104.5503,66.7815,83.864
22/05/2013,103.6423,104.5767,66.8433,84.352
23/05/2013,102.9992,103.5951,67.5046,83.8
24/05/2013,102.962,103.2235,67.3193,83.7
25/05/2013,,,,
26/05/2013,,,,
27/05/2013,,,67.529,83.7
28/05/2013,103.189,103.1936,67.5186,84.1
29/05/2013,102.6519,102.2081,68.3575,83.66
30/05/2013,102.3099,101.2742,68.4988,83.042
31/05/2013,102.3203,101.1519,69.4828,83.375
01/06/2013,,,,
02/06/2013,,,,
03/06/2013,101.9349,100.5405,69.1234,82.656
04/06/2013,102.1808,100.9377,68.6126,82.769
05/06/2013,101.9003,100.5569,68.6399,82.594
06/06/2013,101.3122,99.791,69.2749,81.537
07/06/2013,101.4563,100.5107,69.4515,81.669
08/06/2013,,,,
09/06/2013,,,,
10/06/2013,101.3411,100.1299,69.2264,81.646
11/06/2013,100.9583,99.9335,70.2069,81.113
12/06/2013,100.7004,99.7286,68.9229,80.947
13/06/2013,100.7307,100.1305,69.1028,80.752
14/06/2013,100.8191,100.4802,68.4899,80.67
15/06/2013,,,,
16/06/2013,,,,
17/06/2013,100.8474,100.0046,68.5603,80.787
18/06/2013,100.5519,99.455,69.4952,80.612
19/06/2013,100.5528,99.3115,69.5295,81.428
20/06/2013,100.5945,96.8021,71.4858,81.915
21/06/2013,100.6014,96.8503,71.4786,82.318
22/06/2013,,,,
23/06/2013,,,,
24/06/2013,100.5926,97.209,71.8018,82.425
25/06/2013,100.8988,98.0785,70.9458,82.581
26/06/2013,100.8871,98.6358,71.1439,82.977
27/06/2013,101.2288,99.5006,70.3606,82.902
28/06/2013,101.5036,99.3199,70.2697,83.136
29/06/2013,,,,
30/06/2013,,,,
01/07/2013,101.5449,99.612,70.0427,83.054
02/07/2013,101.6583,99.3191,70.0876,83.544
03/07/2013,101.4518,98.9891,70.7615,83.231
04/07/2013,,,70.1266,83.231
05/07/2013,101.8861,99.2388,69.9038,84.449
06/07/2013,,,,
07/07/2013,,,,
08/07/2013,101.798,99.6126,70.433,84.193
09/07/2013,102.1229,100.0679,69.9038,84.58
10/07/2013,101.8654,99.308,70.0086,84.041
11/07/2013,101.5687,99.4534,69.7545,82.746
12/07/2013,101.5988,99.554,69.7668,82.988
13/07/2013,,,,
14/07/2013,,,,
15/07/2013,101.8082,100.291,69.6351,83.043
16/07/2013,101.7089,100.5503,68.7332,82.498
17/07/2013,101.8586,101.3019,68.8105,82.708
18/07/2013,101.8797,101.2645,68.039,82.823
19/07/2013,101.7506,101.0437,68.2878,82.607
20/07/2013,,,,
21/07/2013,,,,
22/07/2013,101.6155,101.0993,68.3355,82.219
23/07/2013,101.6077,101.1647,68.4434,81.945
24/07/2013,101.5591,100.3547,68.2231,82.291
25/07/2013,101.3813,100.0891,68.952,81.97
26/07/2013,101.1215,99.702,68.7879,81.657
27/07/2013,,,,
28/07/2013,,,,
29/07/2013,101.0655,99.4688,69.1294,81.663
30/07/2013,101.0079,99.314,69.435,81.829
31/07/2013,100.8465,98.7058,69.6952,81.452
01/08/2013,101.1102,99.0516,69.5233,82.336
02/08/2013,101.14,99.6863,70.001,81.908
03/08/2013,,,,
04/08/2013,,,,
05/08/2013,101.1556,99.5368,69.1114,81.875
06/08/2013,101.0348,99.616,69.1987,81.603
07/08/2013,100.7109,99.2601,69.1704,81.287
08/08/2013,100.6556,99.5698,69.2097,80.977
09/08/2013,100.8195,99.8897,68.7022,81.126
10/08/2013,,,,
11/08/2013,,,,
12/08/2013,100.8558,100.1874,68.9061,81.333
13/08/2013,100.948,99.2451,69.168,81.768
14/08/2013,100.9101,99.2448,69.4653,81.711
15/08/2013,100.7668,98.4667,69.5675,81.181
16/08/2013,100.6033,97.9646,70.0694,81.257
17/08/2013,,,,
18/08/2013,,,,
19/08/2013,100.3062,97.0866,70.9223,81.226
20/08/2013,100.1068,97.1026,71.1515,80.906
21/08/2013,100.0678,96.2803,71.183,81.213
22/08/2013,100.1528,96.4286,71.9186,81.488
23/08/2013,100.3921,97.5478,70.8712,81.361
24/08/2013,,,,
25/08/2013,,,,
26/08/2013,100.2605,96.7928,70.8052,81.407
27/08/2013,99.7152,95.9074,72.0185,81.166
28/08/2013,99.8739,96.9124,72.0228,81.431
29/08/2013,100.2297,96.6116,71.8121,81.948
30/08/2013,100.2959,96.2683,71.9177,82.087
31/08/2013,,,,
01/09/2013,,,,
02/09/2013,,,71.8484,82.087
03/09/2013,100.3172,95.9615,72.3802,82.361
04/09/2013,100.39,96.607,71.891,82.169
05/09/2013,100.5191,96.613,72.2058,82.633
06/09/2013,100.5346,97.6024,71.9066,82.146
07/09/2013,,,,
08/09/2013,,,,
09/09/2013,100.5481,97.6387,71.1777,81.793
10/09/2013,100.7301,97.6694,70.7761,81.821
11/09/2013,100.7516,97.8124,70.5881,81.518
12/09/2013,100.6368,97.9109,70.6299,81.489
13/09/2013,100.6806,98.0019,70.6851,81.452
14/09/2013,,,,
15/09/2013,,,,
16/09/2013,100.7248,98.5403,69.902,81.295
17/09/2013,100.7136,98.698,70.0788,81.143
18/09/2013,100.6888,98.5799,69.9784,80.237
19/09/2013,100.8956,99.5057,68.36,80.372
20/09/2013,100.793,99.6641,68.9194,80.431
21/09/2013,,,,
22/09/2013,,,,
23/09/2013,100.6658,99.7397,69.2656,80.449
24/09/2013,100.6334,99.4192,69.3429,80.563
25/09/2013,100.4711,98.7946,69.7438,80.334
26/09/2013,100.5472,98.2412,70.0906,80.523
27/09/2013,100.2315,97.4676,70.6276,80.287
28/09/2013,,,,
29/09/2013,,,,
30/09/2013,100.2339,97.7307,70.9115,80.221
01/10/2013,100.2947,97.7926,70.3551,80.141
02/10/2013,100.1643,97.9832,70.7806,79.9
03/10/2013,100.0671,97.5075,70.3664,79.749
04/10/2013,100.3571,98.2539,70.3734,80.122
05/10/2013,,,,
06/10/2013,,,,
07/10/2013,100.2907,98.3152,70.4581,79.941
08/10/2013,100.2216,98.0787,70.1798,80.06
09/10/2013,100.3486,97.959,70.4732,80.376
10/10/2013,100.6551,98.8524,70.282,80.417
11/10/2013,100.6596,98.8813,69.9092,80.362
12/10/2013,,,,
13/10/2013,,,,
14/10/2013,,,69.6948,80.263
15/10/2013,100.8871,99.448,69.6351,80.482
16/10/2013,101.0455,100.0794,69.5691,80.47
17/10/2013,100.7374,100.129,69.0406,79.649
18/10/2013,100.662,99.9242,68.7701,79.654
19/10/2013,,,,
20/10/2013,,,,
21/10/2013,100.5768,99.1399,69.204,79.695
22/10/2013,100.5577,99.5357,69.5988,79.23
23/10/2013,100.4147,98.9824,69.5345,79.264
24/10/2013,100.3932,98.7437,69.8512,79.185
25/10/2013,100.4945,99.3134,69.6961,79.194
26/10/2013,,,,
27/10/2013,,,,
28/10/2013,100.5427,99.4049,69.1948,79.246
29/10/2013,100.6225,99.5359,69.4887,79.607
30/10/2013,100.6125,99.525,69.3244,79.777
31/10/2013,100.6624,98.8705,69.6424,80.195
01/11/2013,100.7447,98.4898,70.1645,80.716
02/11/2013,,,,
03/11/2013,,,,
04/11/2013,100.7362,98.9821,70.0806,80.553
05/11/2013,100.6271,98.0233,70.3021,80.706
06/11/2013,100.525,97.886,70.8698,80.483
07/11/2013,100.5818,97.8249,70.8254,80.845
08/11/2013,100.6518,97.5057,71.0616,81.303
09/11/2013,,,,
10/11/2013,,,,
11/11/2013,,,71.0064,81.091
12/11/2013,100.4371,97.7471,71.3374,81.192
13/11/2013,100.432,98.2117,71.065,80.926
14/11/2013,100.5925,98.626,70.6813,81.023
15/11/2013,100.6545,98.9126,70.3061,80.849
16/11/2013,,,,
17/11/2013,,,,
18/11/2013,100.7518,99.5617,69.8898,80.825
19/11/2013,100.7227,99.4514,69.908,80.704
20/11/2013,100.73,99.1228,70.1351,81.112
21/11/2013,100.6525,98.562,70.8317,81.073
22/11/2013,100.6487,98.924,70.6496,80.708
23/11/2013,,,,
24/11/2013,,,,
25/11/2013,100.7806,98.9458,70.1139,80.92
26/11/2013,100.5837,98.574,70.683,80.611
27/11/2013,100.5887,98.3518,70.7499,80.722
28/11/2013,,,70.7915,80.582
29/11/2013,100.5065,97.9105,70.7892,80.68
30/11/2013,,,,
01/12/2013,,,,
02/12/2013,100.586,97.5324,71.143,80.925
03/12/2013,100.3585,97.2354,71.5473,80.591
04/12/2013,100.4713,97.6504,71.2107,80.619
05/12/2013,100.3566,97.9951,70.9877,80.235
06/12/2013,100.6245,98.6021,70.8849,80.315
07/12/2013,,,,
08/12/2013,,,,
09/12/2013,100.7215,99.0164,69.9147,80.134
10/12/2013,100.6142,98.8991,69.7388,79.966
11/12/2013,100.4418,98.4515,70.1239,79.894
12/12/2013,100.5328,97.9788,70.5048,80.206
13/12/2013,100.6153,98.5215,70.4459,80.214
14/12/2013,,,,
15/12/2013,,,,
16/12/2013,100.5893,98.6158,70.1511,80.074
17/12/2013,100.5203,98.6525,70.2425,80.061
18/12/2013,100.4505,98.2531,70.3143,80.105
19/12/2013,100.6063,98.5412,70.324,80.63
20/12/2013,100.5682,98.5374,70.8528,80.575
21/12/2013,,,,
22/12/2013,,,,
23/12/2013,100.5439,98.4995,70.5091,80.447
24/12/2013,100.621,98.4812,70.5857,80.536
25/12/2013,,,70.6856,80.558
26/12/2013,100.5486,98.5035,70.7158,80.484
27/12/2013,100.4354,98.3262,70.9623,80.392
28/12/2013,,,,
29/12/2013,,,,
30/12/2013,100.4509,98.3151,70.7538,80
31/12/2013,100.5415,98.1695,70.9851,80.035
01/01/2014,,,70.9878,80.108
02/01/2014,100.5102,97.8596,71.2716,80.63
03/01/2014,100.5194,98.1539,71.1105,80.791
04/01/2014,,,,
05/01/2014,,,,
06/01/2014,100.4062,98.2738,71.1214,80.652
07/01/2014,100.4958,98.7027,70.9981,80.833
08/01/2014,100.5697,98.3851,70.8606,81.022
09/01/2014,100.5095,98.0461,71.224,81.005
10/01/2014,100.5139,98.9273,71.0478,80.658
11/01/2014,,,,
12/01/2014,,,,
13/01/2014,100.5047,99.0112,70.7148,80.513
14/01/2014,100.4546,98.5978,71.0847,80.662
15/01/2014,100.5359,98.5727,70.9697,81.027
16/01/2014,100.3808,97.7662,71.6994,80.91
17/01/2014,100.4598,97.9537,71.6634,81.225
18/01/2014,,,,
19/01/2014,,,,
20/01/2014,,,71.5717,81.225
21/01/2014,100.2434,97.719,72.0373,81.098
22/01/2014,100.2546,97.6114,71.92,81.167
23/01/2014,99.7738,96.4151,72.3632,80.438
24/01/2014,99.4594,95.9027,73.4562,80.458
25/01/2014,,,,
26/01/2014,,,,
27/01/2014,99.381,95.8989,72.8167,80.524
28/01/2014,99.5915,96.3946,72.4971,80.568
29/01/2014,99.4869,96.0986,72.774,80.505
30/01/2014,99.7265,96.7991,72.8233,81.085
31/01/2014,99.634,96.5887,73.2219,81.311
01/02/2014,,,,
02/02/2014,,,,
03/02/2014,99.2907,95.5014,72.7608,81.009
04/02/2014,99.6023,96.3738,73.3208,81.121
05/02/2014,99.6492,96.5473,72.7923,81.036
06/02/2014,99.6959,97.1968,72.5146,80.906
07/02/2014,99.6811,96.7045,72.5664,80.691
08/02/2014,,,,
09/02/2014,,,,
10/02/2014,99.5894,96.6609,72.7197,80.642
11/02/2014,99.6811,96.6826,72.5745,80.638
12/02/2014,99.7682,96.5797,72.7431,80.679
13/02/2014,99.5491,96.5022,72.8099,80.323
14/02/2014,99.6421,96.973,72.2524,80.136
15/02/2014,,,,
16/02/2014,,,,
17/02/2014,,,72.2394,80.136
18/02/2014,99.5656,97.049,72.1324,80.008
19/02/2014,99.4226,96.834,72.428,80.144
20/02/2014,99.4726,97.0287,72.6635,80.286
21/02/2014,99.5654,97.3057,72.4521,80.237
22/02/2014,,,,
23/02/2014,,,,
24/02/2014,99.5037,97.7294,72.2234,80.199
25/02/2014,99.3111,97.7693,72.1362,80.137
26/02/2014,99.3499,97.2283,72.1556,80.429
27/02/2014,99.2525,97.4333,72.7012,80.285
28/02/2014,99.1426,97.685,72.2293,79.691
01/03/2014,,,,
02/03/2014,,,,
03/03/2014,98.8896,97.2176,72.4655,80.077
04/03/2014,99.2216,97.5476,72.4158,80.168
05/03/2014,99.2972,97.6484,72.4065,80.109
06/03/2014,99.455,98.2207,72.0665,79.663
07/03/2014,99.3328,97.7967,71.8528,79.719
08/03/2014,,,,
09/03/2014,,,,
10/03/2014,99.1988,97.5988,72.1493,79.768
11/03/2014,99.174,97.5046,72.3696,79.736
12/03/2014,98.9565,97.2235,72.7135,79.608
13/03/2014,98.8746,97.2709,72.264,79.62
14/03/2014,98.7729,97.4145,72.4355,79.446
15/03/2014,,,,
16/03/2014,,,,
17/03/2014,98.7531,97.7019,72.151,79.385
18/03/2014,98.699,97.9483,71.9782,79.414
19/03/2014,98.7473,98.1303,71.8869,79.995
20/03/2014,98.7574,98.2886,72.3781,80.192
21/03/2014,98.7831,98.5429,72.0352,80.105
22/03/2014,,,,
23/03/2014,,,,
24/03/2014,98.8979,98.4739,71.832,79.934
25/03/2014,98.9768,98.9269,71.7196,79.944
26/03/2014,98.9775,99.0111,71.3929,80.032
27/03/2014,99.1163,99.653,71.3833,80.111
28/03/2014,99.2549,99.7479,70.934,80.176
29/03/2014,,,,
30/03/2014,,,,
31/03/2014,99.3211,99.8013,70.9405,80.1
01/04/2014,99.4497,99.8329,71.026,80.094
02/04/2014,99.5229,99.6097,71.0229,80.215
03/04/2014,99.5436,99.3202,71.2633,80.475
04/04/2014,99.6232,100.0712,71.3368,80.423
05/04/2014,,,,
06/04/2014,,,,
07/04/2014,99.5126,100.3257,70.8565,80.232
08/04/2014,99.4839,100.6904,70.3763,79.752
09/04/2014,99.3905,99.9207,70.5743,79.484
10/04/2014,99.224,100.0962,70.2821,79.383
11/04/2014,99.1852,99.8315,70.4895,79.452
12/04/2014,,,,
13/04/2014,,,,
14/04/2014,99.2231,100.0913,70.7187,79.729
15/04/2014,99.1284,99.6176,70.5851,79.803
16/04/2014,99.285,99.8537,70.7152,79.803
17/04/2014,99.3243,99.6493,70.7949,79.828
18/04/2014,99.3585,99.8065,70.7398,79.847
19/04/2014,,,,
20/04/2014,,,,
21/04/2014,99.3484,99.9489,70.7242,79.945
22/04/2014,99.1999,99.81,70.6885,79.905
23/04/2014,99.0831,99.6402,70.7703,79.855
24/04/2014,99.0736,99.8454,70.8067,79.799
25/04/2014,98.9697,99.4994,70.8871,79.749
26/04/2014,,,,
27/04/2014,,,,
28/04/2014,99.0538,99.4759,70.9515,79.683
29/04/2014,99.192,99.6623,70.8364,79.808
30/04/2014,99.0149,99.5204,70.8799,79.474
01/05/2014,99.0751,99.7063,70.8127,79.527
02/05/2014,99.1349,100.1303,70.6951,79.516
03/05/2014,,,,
04/05/2014,,,,
05/05/2014,99.1333,99.7888,70.5582,79.486
06/05/2014,99.0979,99.6934,70.6653,79.093
07/05/2014,99.1924,99.8616,70.6093,79.202
08/05/2014,99.3726,100.3548,70.2368,79.361
09/05/2014,99.5062,100.2499,70.1697,79.903
10/05/2014,,,,
11/05/2014,,,,
12/05/2014,99.5058,100.474,70.0378,79.901
13/05/2014,99.7045,100.7158,70.0287,80.143
14/05/2014,99.6818,100.8954,69.9812,80.073
15/05/2014,99.5195,100.2539,69.9006,80.003
16/05/2014,99.6095,100.6223,70.1717,80.043
17/05/2014,,,,
18/05/2014,,,,
19/05/2014,99.6324,100.8267,69.9691,79.993
20/05/2014,99.5439,100.5916,69.9326,80.041
21/05/2014,99.6714,100.8291,69.9485,80.095
22/05/2014,99.8387,100.9613,69.9473,80.254
23/05/2014,99.9078,101.0884,69.8636,80.393
24/05/2014,,,,
25/05/2014,,,,
26/05/2014,,,69.7945,80.393
27/05/2014,99.7801,100.8402,69.8292,80.352
28/05/2014,99.765,101.0279,69.9279,80.571
29/05/2014,99.8772,101.3162,69.7602,80.494
30/05/2014,99.7327,101.1228,69.6211,80.369
31/05/2014,,,,
01/06/2014,,,,
02/06/2014,99.7479,100.7078,69.7239,80.644
03/06/2014,99.6594,100.6532,70.1047,80.554
04/06/2014,99.6957,100.4569,70.1523,80.663
05/06/2014,99.7577,100.9482,70.081,80.371
06/06/2014,99.8759,100.9482,69.8606,80.409
07/06/2014,,,,
08/06/2014,,,,
09/06/2014,99.9913,100.7641,69.9091,80.653
10/06/2014,100.0522,100.5431,70.2607,80.82
11/06/2014,99.9411,100.5614,70.3812,80.788
12/06/2014,99.9442,100.6594,70.25,80.576
13/06/2014,99.9535,100.5656,70.2746,80.576
14/06/2014,,,,
15/06/2014,,,,
16/06/2014,99.666,100.4876,70.3293,80.471
17/06/2014,99.6447,100.0812,70.3631,80.629
18/06/2014,99.6541,100.239,70.6414,80.584
19/06/2014,99.6571,100.725,70.1269,80.317
20/06/2014,99.6853,100.6258,70.1968,80.372
21/06/2014,,,,
22/06/2014,,,,
23/06/2014,99.7255,100.8762,70.0767,80.272
24/06/2014,99.7748,100.8057,70.1098,80.327
25/06/2014,99.6396,100.9025,70.2382,80.225
26/06/2014,99.6939,100.8725,70.0182,80.22
27/06/2014,99.6988,100.9371,69.9604,80.039
28/06/2014,,,,
29/06/2014,,,,
30/06/2014,99.658,100.8549,69.8426,79.775
01/07/2014,99.6532,101.0722,69.8464,79.815
02/07/2014,99.7094,100.9821,69.6342,79.956
03/07/2014,99.8994,101.1461,69.8711,80.212
04/07/2014,,,69.6845,80.269
05/07/2014,,,,
06/07/2014,,,,
07/07/2014,99.8554,100.9977,69.7423,80.218
08/07/2014,99.8804,100.9249,69.8408,80.179
09/07/2014,99.9379,101.0447,69.8359,79.993
10/07/2014,99.8452,100.9024,69.9099,80.127
11/07/2014,99.837,101.0191,69.8488,80.187
12/07/2014,,,,
13/07/2014,,,,
14/07/2014,99.8383,101.1488,69.8353,80.188
15/07/2014,99.8276,101.1602,69.7016,80.39
16/07/2014,99.9223,101.3674,69.6566,80.559
17/07/2014,99.7556,100.9023,69.6812,80.505
18/07/2014,99.8289,101.1153,69.8915,80.524
19/07/2014,,,,
20/07/2014,,,,
21/07/2014,99.8737,101.2067,69.7803,80.56
22/07/2014,100.0898,101.5363,69.7359,80.781
23/07/2014,100.1718,101.5172,69.4999,80.823
24/07/2014,100.1548,101.4505,69.5921,80.872
25/07/2014,100.226,101.4208,69.6842,81.029
26/07/2014,,,,
27/07/2014,,,,
28/07/2014,100.1551,101.2669,69.6681,81.025
29/07/2014,100.2385,100.9532,69.879,81.214
30/07/2014,100.3037,100.4483,70.1336,81.432
31/07/2014,100.0715,99.8517,70.7169,81.456
01/08/2014,99.8699,100.0232,70.9389,81.302
02/08/2014,,,,
03/08/2014,,,,
04/08/2014,99.9786,100.2007,70.7868,81.328
05/08/2014,100.0278,99.6142,70.7772,81.328
06/08/2014,99.9404,99.8047,71.4006,81.444
07/08/2014,99.812,99.6063,71.0493,81.524
08/08/2014,99.8319,99.6202,71.1986,81.389
09/08/2014,,,,
10/08/2014,,,,
11/08/2014,99.9988,100.0772,71.0174,81.466
12/08/2014,100.0004,100.2113,70.8177,81.5
13/08/2014,100.1169,100.5114,70.5601,81.596
14/08/2014,100.2387,100.5499,70.5016,81.588
15/08/2014,100.0979,100.325,70.3242,81.424
16/08/2014,,,,
17/08/2014,,,,
18/08/2014,100.2971,100.7948,70.2616,81.576
19/08/2014,100.3987,100.8259,70.2418,81.883
20/08/2014,100.4293,100.746,70.3693,82.226
21/08/2014,100.4483,100.7124,70.5858,82.154
22/08/2014,100.5321,100.3704,70.6512,82.336
23/08/2014,,,,
24/08/2014,,,,
25/08/2014,100.5573,100.429,70.6932,82.549
26/08/2014,100.6636,100.6074,70.7369,82.65
27/08/2014,100.7429,100.6983,70.4777,82.428
28/08/2014,100.6069,100.5935,70.5966,82.477
29/08/2014,100.7321,101.0581,70.4912,82.748
30/08/2014,,,,
31/08/2014,,,,
01/09/2014,,,70.3719,82.748
02/09/2014,100.7835,100.9238,70.5609,82.992
03/09/2014,100.885,101.1971,70.4439,82.865
04/09/2014,101.2446,101.2716,70.3643,83.82
05/09/2014,101.1919,101.5621,70.6495,83.739
06/09/2014,,,,
07/09/2014,,,,
08/09/2014,101.3119,101.491,70.3099,84.232
09/09/2014,101.2695,100.8355,70.9032,84.278
10/09/2014,101.2764,100.6728,71.0409,84.283
11/09/2014,101.2321,100.7197,71.2125,84.298
12/09/2014,101.1625,100.2085,71.291,84.24
13/09/2014,,,,
14/09/2014,,,,
15/09/2014,101.0195,100.1913,71.5011,84.264
16/09/2014,101.0021,100.7775,71.4026,84.074
17/09/2014,101.1079,100.4364,71.1303,84.345
18/09/2014,101.1373,100.2153,71.3847,84.323
19/09/2014,101.2812,100.3022,71.37,84.735
20/09/2014,,,,
21/09/2014,,,,
22/09/2014,101.2614,100.0488,71.4794,84.752
23/09/2014,101.2329,99.722,71.667,84.658
24/09/2014,101.4158,99.8647,71.8286,85.037
25/09/2014,101.3318,99.4844,71.9075,85.195
26/09/2014,101.4397,99.3126,72.2636,85.64
27/09/2014,,,,
28/09/2014,,,,
29/09/2014,101.1637,99.0761,72.7251,85.591
30/09/2014,101.3688,99.5083,72.8189,85.936
01/10/2014,101.3145,99.1772,72.563,85.972
02/10/2014,101.1417,99.1811,72.5648,85.601
03/10/2014,101.5283,99.3109,72.5632,86.694
04/10/2014,,,,
05/10/2014,,,,
06/10/2014,101.4228,100.1114,72.1966,85.928
07/10/2014,101.2286,100.0967,72.4362,85.672
08/10/2014,101.0536,99.6142,72.4718,85.297
09/10/2014,101.2678,100.1271,71.6761,85.522
10/10/2014,101.2055,100.0294,72.5102,85.912
11/10/2014,,,,
12/10/2014,,,,
13/10/2014,,,72.2069,85.532
14/10/2014,101.1469,100.3096,72.3815,85.822
15/10/2014,100.7471,98.997,72.424,85.147
16/10/2014,100.5759,98.7,73.3407,84.955
17/10/2014,100.8684,99.4371,72.8448,85.11
18/10/2014,,,,
19/10/2014,,,,
20/10/2014,100.8359,99.1724,72.8018,84.953
21/10/2014,100.9467,99.3429,72.8908,85.303
22/10/2014,101.0981,99.3009,72.9255,85.741
23/10/2014,101.1171,99.2715,72.9464,85.843
24/10/2014,101.1372,99.502,73.04,85.732
25/10/2014,,,,
26/10/2014,,,,
27/10/2014,100.9224,98.7868,73.3717,85.495
28/10/2014,101.0417,99.6716,72.8893,85.408
29/10/2014,101.1014,100.3385,72.4242,85.952
30/10/2014,101.4778,100.9623,72.5076,86.147
31/10/2014,101.7067,100.7066,72.2115,86.917
01/11/2014,,,,
02/11/2014,,,,
03/11/2014,101.8371,100.3426,72.5657,87.309
04/11/2014,101.6584,99.8497,73.3106,86.984
05/11/2014,101.685,100.1219,73.4825,87.444
06/11/2014,101.7619,99.7423,73.1974,88.012
07/11/2014,101.6476,99.978,73.6821,87.642
08/11/2014,,,,
09/11/2014,,,,
10/11/2014,101.7563,100.2821,73.0878,87.81
11/11/2014,,,73.5328,87.531
12/11/2014,101.6847,100.2264,73.5023,87.822
13/11/2014,101.6358,99.6544,73.3926,87.674
14/11/2014,101.583,100.074,73.8245,87.525
15/11/2014,,,,
16/11/2014,,,,
17/11/2014,101.664,99.8852,73.589,87.926
18/11/2014,101.6359,99.9976,73.4825,87.575
19/11/2014,101.6074,99.9775,73.6165,87.647
20/11/2014,101.7356,100.056,73.5487,87.591
21/11/2014,101.9904,100.6195,73.5283,88.31
22/11/2014,,,,
23/11/2014,,,,
24/11/2014,101.9095,100.3977,73.5271,88.151
25/11/2014,101.8418,100.4271,73.6801,87.92
26/11/2014,101.6794,100.2817,73.7462,87.607
27/11/2014,,,73.8164,87.607
28/11/2014,101.596,99.0657,74.2387,88.356
29/11/2014,,,,
30/11/2014,,,,
01/12/2014,101.2551,98.8507,74.9356,87.946
02/12/2014,101.3593,98.4784,75.2301,88.647
03/12/2014,101.567,98.7515,75.8364,88.956
04/12/2014,101.294,98.4204,75.6892,88.704
05/12/2014,101.5842,97.6004,75.9487,89.334
06/12/2014,,,,
07/12/2014,,,,
08/12/2014,101.3671,97.2362,76.9598,89.041
09/12/2014,100.9771,97.2524,77.0372,88.69
10/12/2014,100.8073,96.3503,77.0912,88.271
11/12/2014,100.7663,95.7189,77.5132,88.663
12/12/2014,100.3214,94.9862,78.9585,88.363
13/12/2014,,,,
14/12/2014,,,,
15/12/2014,100.0086,95.0988,78.6709,88.46
16/12/2014,99.799,94.7141,78.9401,88.125
17/12/2014,100.3043,96.0337,78.7615,89.133
18/12/2014,100.5297,96.7458,77.6729,89.235
19/12/2014,100.7215,96.5848,77.6449,89.598
20/12/2014,,,,
21/12/2014,,,,
22/12/2014,100.8568,96.7391,77.6996,89.77
23/12/2014,100.9149,96.4105,77.9789,90.064
24/12/2014,100.919,96.3127,78.4548,89.967
25/12/2014,,,78.3357,89.835
26/12/2014,100.9583,96.6214,78.3533,90.03
27/12/2014,,,,
28/12/2014,,,,
29/12/2014,100.8135,96.563,78.3394,90.19
30/12/2014,100.8821,96.667,78.5973,89.991
31/12/2014,101.0045,96.8486,78.2533,90.269
01/01/2015,,,78.4568,90.276
02/01/2015,101.0474,96.6221,78.5953,91.08
03/01/2015,,,,
04/01/2015,,,,
05/01/2015,100.907,95.9959,78.986,91.378
06/01/2015,100.7382,96.4766,79.338,91.499
07/01/2015,101.1019,97.1918,78.7411,91.89
08/01/2015,101.4233,98.1075,78.3477,92.368
09/01/2015,101.3525,98.2621,78.1351,91.935
10/01/2015,,,,
11/01/2015,,,,
12/01/2015,101.2947,97.9293,77.9541,91.983
13/01/2015,101.3792,98.4218,78.1395,92.31
14/01/2015,101.1807,98.4873,77.9915,92.161
15/01/2015,101.4265,98.3821,77.6081,92.352
16/01/2015,101.5125,98.5698,78.092,92.52
17/01/2015,,,,
18/01/2015,,,,
19/01/2015,,,77.8006,92.52
20/01/2015,101.4025,98.6409,77.9932,93.046
21/01/2015,101.4921,98.3944,77.8319,92.904
22/01/2015,102.0238,99.392,77.98,94.077
23/01/2015,102.2613,99.2943,77.8263,94.762
24/01/2015,,,,
25/01/2015,,,,
26/01/2015,102.1321,99.7718,77.7751,94.802
27/01/2015,101.9405,99.5651,77.588,94.022
28/01/2015,101.8172,99.2357,77.6622,94.467
29/01/2015,101.7658,98.4252,78.3848,94.782
30/01/2015,101.4814,97.4063,78.8427,94.804
31/01/2015,,,,
01/02/2015,,,,
02/02/2015,101.5149,97.6276,79.299,94.504
03/02/2015,101.5317,97.9197,78.732,93.6
04/02/2015,101.6011,97.5205,78.267,93.986
05/02/2015,101.4898,97.6571,78.8322,93.569
06/02/2015,101.6402,97.0885,78.75,94.698
07/02/2015,,,,
08/02/2015,,,,
09/02/2015,101.6023,97.3995,79.053,94.449
10/02/2015,101.5033,96.5946,79.201,94.758
11/02/2015,101.5065,95.7462,79.9995,94.985
12/02/2015,101.3674,96.6633,80.2428,94.094
13/02/2015,101.5032,96.7,79.9118,94.201
14/02/2015,,,,
15/02/2015,,,,
16/02/2015,,,79.3431,94.201
17/02/2015,101.4082,96.7807,79.2578,94.061
18/02/2015,101.4913,96.5059,79.7662,94.198
19/02/2015,101.397,96.4977,79.5709,94.404
20/02/2015,101.3216,95.9319,79.9489,94.253
21/02/2015,,,,
22/02/2015,,,,
23/02/2015,101.3167,95.9392,80.1518,94.569
24/02/2015,101.4343,96.5835,80.6649,94.493
25/02/2015,101.4349,96.5158,79.7641,94.213
26/02/2015,101.7721,96.6016,79.5644,95.292
27/02/2015,101.775,96.795,80.3057,95.293
28/02/2015,,,,
01/03/2015,,,,
02/03/2015,101.7678,96.6,79.9643,95.462
03/03/2015,101.6977,96.4771,80.4287,95.383
04/03/2015,101.8287,95.8223,80.5748,95.965
05/03/2015,102.0265,95.452,80.8447,96.378
06/03/2015,102.1969,94.4023,81.4011,97.615
07/03/2015,,,,
08/03/2015,,,,
09/03/2015,102.2112,94.1759,82.5027,97.588
10/03/2015,102.2105,93.805,83.3713,98.618
11/03/2015,102.6298,94.8008,83.4253,99.795
12/03/2015,102.6534,94.7421,82.6215,99.435
13/03/2015,102.5555,93.8179,83.3916,100.33
14/03/2015,,,,
15/03/2015,,,,
16/03/2015,102.5268,94.2081,83.4305,99.604
17/03/2015,102.6102,93.8524,83.312,99.585
18/03/2015,102.5368,93.6297,83.1061,98.55
19/03/2015,102.8622,93.9221,82.4211,99.26
20/03/2015,102.564,95.0004,82.3217,97.909
21/03/2015,,,,
22/03/2015,,,,
23/03/2015,102.4781,95.4859,81.2071,97.033
24/03/2015,102.6724,95.6549,80.5489,97.193
25/03/2015,102.4474,95.5086,80.7054,96.979
26/03/2015,102.4461,94.9393,81.129,97.436
27/03/2015,102.3965,94.3506,81.6343,97.291
28/03/2015,,,,
29/03/2015,,,,
30/03/2015,102.6188,94.0885,82.2811,97.975
31/03/2015,102.7967,94.5852,82.5662,98.357
01/04/2015,102.9531,95.2749,82.0527,98.185
02/04/2015,102.919,95.3197,81.5854,97.436
03/04/2015,102.8104,96.0603,80.8688,96.545
04/04/2015,,,,
05/04/2015,,,,
06/04/2015,102.8783,96.1808,80.0894,96.777
07/04/2015,103.1999,96.1783,80.473,97.83
08/04/2015,103.2742,96.407,80.2115,97.94
09/04/2015,103.6267,96.4818,80.1206,99.155
10/04/2015,103.6598,95.8276,81.0597,99.338
11/04/2015,,,,
12/04/2015,,,,
13/04/2015,103.4788,95.2738,82.0255,99.49
14/04/2015,103.3691,95.471,82.1838,98.733
15/04/2015,103.3834,95.23,81.9419,98.319
16/04/2015,103.2866,95.64,81.2882,97.415
17/04/2015,103.0645,94.8896,81.0688,97.52
18/04/2015,,,,
19/04/2015,,,,
20/04/2015,103.0502,94.7961,81.7003,97.941
21/04/2015,103.0328,94.9426,82.1663,98.004
22/04/2015,103.2382,94.9822,81.7645,97.932
23/04/2015,103.1332,95.3773,81.9991,97.278
24/04/2015,,,81.5684,96.922
